person,personLabel,genderLabel,film,filmLabel,genre,genreLabel,year
http://www.wikidata.org/entity/Q200355,Olivia Wilde,female,http://www.wikidata.org/entity/Q18954,Tron: Legacy,http://www.wikidata.org/entity/Q188473,action film,2011
http://www.wikidata.org/entity/Q441913,James Remar,male,http://www.wikidata.org/entity/Q223596,X-Men: First Class,http://www.wikidata.org/entity/Q1146335,teen film,2011
http://www.wikidata.org/entity/Q441913,James Remar,male,http://www.wikidata.org/entity/Q223596,X-Men: First Class,http://www.wikidata.org/entity/Q1146335,teen film,2011
http://www.wikidata.org/entity/Q441913,James Remar,male,http://www.wikidata.org/entity/Q223596,X-Men: First Class,http://www.wikidata.org/entity/Q1146335,teen film,2011
http://www.wikidata.org/entity/Q441913,James Remar,male,http://www.wikidata.org/entity/Q223596,X-Men: First Class,http://www.wikidata.org/entity/Q1146335,teen film,2011
http://www.wikidata.org/entity/Q37876,Natalie Portman,female,http://www.wikidata.org/entity/Q180214,Black Swan,http://www.wikidata.org/entity/Q200092,horror film,2011
http://www.wikidata.org/entity/Q37876,Natalie Portman,female,http://www.wikidata.org/entity/Q180214,Black Swan,http://www.wikidata.org/entity/Q2484376,thriller film,2011
http://www.wikidata.org/entity/Q359488,Michael Peña,male,http://www.wikidata.org/entity/Q224133,30 Minutes or Less,http://www.wikidata.org/entity/Q1200678,mystery film,2011
http://www.wikidata.org/entity/Q37876,Natalie Portman,female,http://www.wikidata.org/entity/Q180214,Black Swan,http://www.wikidata.org/entity/Q200092,horror film,2011
http://www.wikidata.org/entity/Q37876,Natalie Portman,female,http://www.wikidata.org/entity/Q180214,Black Swan,http://www.wikidata.org/entity/Q2484376,thriller film,2011
http://www.wikidata.org/entity/Q3454165,Kevin Bacon,male,http://www.wikidata.org/entity/Q122113,Super,http://www.wikidata.org/entity/Q859369,comedy drama,2011
http://www.wikidata.org/entity/Q37876,Natalie Portman,female,http://www.wikidata.org/entity/Q180214,Black Swan,http://www.wikidata.org/entity/Q130232,drama film,2011
http://www.wikidata.org/entity/Q37876,Natalie Portman,female,http://www.wikidata.org/entity/Q180214,Black Swan,http://www.wikidata.org/entity/Q130232,drama film,2011
http://www.wikidata.org/entity/Q183347,Lloyd Kaufman,male,http://www.wikidata.org/entity/Q122113,Super,http://www.wikidata.org/entity/Q157443,comedy film,2011
http://www.wikidata.org/entity/Q183347,Lloyd Kaufman,male,http://www.wikidata.org/entity/Q122113,Super,http://www.wikidata.org/entity/Q859369,comedy drama,2011
http://www.wikidata.org/entity/Q3454165,Kevin Bacon,male,http://www.wikidata.org/entity/Q122113,Super,http://www.wikidata.org/entity/Q157443,comedy film,2011
http://www.wikidata.org/entity/Q441913,James Remar,male,http://www.wikidata.org/entity/Q223596,X-Men: First Class,http://www.wikidata.org/entity/Q188473,action film,2011
http://www.wikidata.org/entity/Q441913,James Remar,male,http://www.wikidata.org/entity/Q223596,X-Men: First Class,http://www.wikidata.org/entity/Q157394,fantasy film,2011
http://www.wikidata.org/entity/Q441913,James Remar,male,http://www.wikidata.org/entity/Q223596,X-Men: First Class,http://www.wikidata.org/entity/Q188473,action film,2011
http://www.wikidata.org/entity/Q441913,James Remar,male,http://www.wikidata.org/entity/Q223596,X-Men: First Class,http://www.wikidata.org/entity/Q157394,fantasy film,2011
http://www.wikidata.org/entity/Q441913,James Remar,male,http://www.wikidata.org/entity/Q223596,X-Men: First Class,http://www.wikidata.org/entity/Q157394,fantasy film,2011
http://www.wikidata.org/entity/Q441913,James Remar,male,http://www.wikidata.org/entity/Q223596,X-Men: First Class,http://www.wikidata.org/entity/Q188473,action film,2011
http://www.wikidata.org/entity/Q441913,James Remar,male,http://www.wikidata.org/entity/Q223596,X-Men: First Class,http://www.wikidata.org/entity/Q157394,fantasy film,2011
http://www.wikidata.org/entity/Q359488,Michael Peña,male,http://www.wikidata.org/entity/Q224133,30 Minutes or Less,http://www.wikidata.org/entity/Q959790,crime film,2011
http://www.wikidata.org/entity/Q359488,Michael Peña,male,http://www.wikidata.org/entity/Q224133,30 Minutes or Less,http://www.wikidata.org/entity/Q1200678,mystery film,2011
http://www.wikidata.org/entity/Q359488,Michael Peña,male,http://www.wikidata.org/entity/Q224133,30 Minutes or Less,http://www.wikidata.org/entity/Q959790,crime film,2011
http://www.wikidata.org/entity/Q359488,Michael Peña,male,http://www.wikidata.org/entity/Q224133,30 Minutes or Less,http://www.wikidata.org/entity/Q157443,comedy film,2011
http://www.wikidata.org/entity/Q359488,Michael Peña,male,http://www.wikidata.org/entity/Q224133,30 Minutes or Less,http://www.wikidata.org/entity/Q157443,comedy film,2011
http://www.wikidata.org/entity/Q441913,James Remar,male,http://www.wikidata.org/entity/Q223596,X-Men: First Class,http://www.wikidata.org/entity/Q188473,action film,2011
http://www.wikidata.org/entity/Q223830,Danny Trejo,male,http://www.wikidata.org/entity/Q43408,A Very Harold & Kumar Christmas,http://www.wikidata.org/entity/Q157443,comedy film,2011
http://www.wikidata.org/entity/Q3454165,Kevin Bacon,male,http://www.wikidata.org/entity/Q223596,X-Men: First Class,http://www.wikidata.org/entity/Q157394,fantasy film,2011
http://www.wikidata.org/entity/Q3454165,Kevin Bacon,male,http://www.wikidata.org/entity/Q223596,X-Men: First Class,http://www.wikidata.org/entity/Q188473,action film,2011
http://www.wikidata.org/entity/Q3454165,Kevin Bacon,male,http://www.wikidata.org/entity/Q223596,X-Men: First Class,http://www.wikidata.org/entity/Q1146335,teen film,2011
http://www.wikidata.org/entity/Q3454165,Kevin Bacon,male,http://www.wikidata.org/entity/Q223596,X-Men: First Class,http://www.wikidata.org/entity/Q157394,fantasy film,2011
http://www.wikidata.org/entity/Q3454165,Kevin Bacon,male,http://www.wikidata.org/entity/Q223596,X-Men: First Class,http://www.wikidata.org/entity/Q188473,action film,2011
http://www.wikidata.org/entity/Q3454165,Kevin Bacon,male,http://www.wikidata.org/entity/Q223596,X-Men: First Class,http://www.wikidata.org/entity/Q1146335,teen film,2011
http://www.wikidata.org/entity/Q3454165,Kevin Bacon,male,http://www.wikidata.org/entity/Q223596,X-Men: First Class,http://www.wikidata.org/entity/Q157394,fantasy film,2011
http://www.wikidata.org/entity/Q3454165,Kevin Bacon,male,http://www.wikidata.org/entity/Q223596,X-Men: First Class,http://www.wikidata.org/entity/Q188473,action film,2011
http://www.wikidata.org/entity/Q3454165,Kevin Bacon,male,http://www.wikidata.org/entity/Q223596,X-Men: First Class,http://www.wikidata.org/entity/Q1146335,teen film,2011
http://www.wikidata.org/entity/Q3454165,Kevin Bacon,male,http://www.wikidata.org/entity/Q223596,X-Men: First Class,http://www.wikidata.org/entity/Q157394,fantasy film,2011
http://www.wikidata.org/entity/Q3454165,Kevin Bacon,male,http://www.wikidata.org/entity/Q223596,X-Men: First Class,http://www.wikidata.org/entity/Q188473,action film,2011
http://www.wikidata.org/entity/Q3454165,Kevin Bacon,male,http://www.wikidata.org/entity/Q223596,X-Men: First Class,http://www.wikidata.org/entity/Q1146335,teen film,2011
http://www.wikidata.org/entity/Q440910,Ken Jeong,male,http://www.wikidata.org/entity/Q232774,Transformers: Dark of the Moon,http://www.wikidata.org/entity/Q188473,action film,2011
http://www.wikidata.org/entity/Q440910,Ken Jeong,male,http://www.wikidata.org/entity/Q232774,Transformers: Dark of the Moon,http://www.wikidata.org/entity/Q188473,action film,2011
http://www.wikidata.org/entity/Q441913,James Remar,male,http://www.wikidata.org/entity/Q232774,Transformers: Dark of the Moon,http://www.wikidata.org/entity/Q188473,action film,2011
http://www.wikidata.org/entity/Q441913,James Remar,male,http://www.wikidata.org/entity/Q232774,Transformers: Dark of the Moon,http://www.wikidata.org/entity/Q188473,action film,2011
http://www.wikidata.org/entity/Q440910,Ken Jeong,male,http://www.wikidata.org/entity/Q232774,Transformers: Dark of the Moon,http://www.wikidata.org/entity/Q2484376,thriller film,2011
http://www.wikidata.org/entity/Q441913,James Remar,male,http://www.wikidata.org/entity/Q232774,Transformers: Dark of the Moon,http://www.wikidata.org/entity/Q2484376,thriller film,2011
http://www.wikidata.org/entity/Q440910,Ken Jeong,male,http://www.wikidata.org/entity/Q232774,Transformers: Dark of the Moon,http://www.wikidata.org/entity/Q2484376,thriller film,2011
http://www.wikidata.org/entity/Q441913,James Remar,male,http://www.wikidata.org/entity/Q232774,Transformers: Dark of the Moon,http://www.wikidata.org/entity/Q2484376,thriller film,2011
http://www.wikidata.org/entity/Q442547,Stephen Graham,male,http://www.wikidata.org/entity/Q183555,Pirates of the Caribbean: On Stranger Tides,http://www.wikidata.org/entity/Q157394,fantasy film,2011
http://www.wikidata.org/entity/Q442547,Stephen Graham,male,http://www.wikidata.org/entity/Q183555,Pirates of the Caribbean: On Stranger Tides,http://www.wikidata.org/entity/Q157443,comedy film,2011
http://www.wikidata.org/entity/Q442547,Stephen Graham,male,http://www.wikidata.org/entity/Q183555,Pirates of the Caribbean: On Stranger Tides,http://www.wikidata.org/entity/Q188473,action film,2011
http://www.wikidata.org/entity/Q442547,Stephen Graham,male,http://www.wikidata.org/entity/Q183555,Pirates of the Caribbean: On Stranger Tides,http://www.wikidata.org/entity/Q319221,adventure film,2011
http://www.wikidata.org/entity/Q442547,Stephen Graham,male,http://www.wikidata.org/entity/Q183555,Pirates of the Caribbean: On Stranger Tides,http://www.wikidata.org/entity/Q157394,fantasy film,2011
http://www.wikidata.org/entity/Q229313,Jessica Chastain,female,http://www.wikidata.org/entity/Q244257,The Tree of Life,http://www.wikidata.org/entity/Q130232,drama film,2011
http://www.wikidata.org/entity/Q229313,Jessica Chastain,female,http://www.wikidata.org/entity/Q244257,The Tree of Life,http://www.wikidata.org/entity/Q157394,fantasy film,2011
http://www.wikidata.org/entity/Q229313,Jessica Chastain,female,http://www.wikidata.org/entity/Q244257,The Tree of Life,http://www.wikidata.org/entity/Q130232,drama film,2011
http://www.wikidata.org/entity/Q229313,Jessica Chastain,female,http://www.wikidata.org/entity/Q244257,The Tree of Life,http://www.wikidata.org/entity/Q157394,fantasy film,2011
http://www.wikidata.org/entity/Q442547,Stephen Graham,male,http://www.wikidata.org/entity/Q183555,Pirates of the Caribbean: On Stranger Tides,http://www.wikidata.org/entity/Q157443,comedy film,2011
http://www.wikidata.org/entity/Q442547,Stephen Graham,male,http://www.wikidata.org/entity/Q183555,Pirates of the Caribbean: On Stranger Tides,http://www.wikidata.org/entity/Q188473,action film,2011
http://www.wikidata.org/entity/Q442547,Stephen Graham,male,http://www.wikidata.org/entity/Q183555,Pirates of the Caribbean: On Stranger Tides,http://www.wikidata.org/entity/Q319221,adventure film,2011
http://www.wikidata.org/entity/Q442547,Stephen Graham,male,http://www.wikidata.org/entity/Q183555,Pirates of the Caribbean: On Stranger Tides,http://www.wikidata.org/entity/Q157394,fantasy film,2011
http://www.wikidata.org/entity/Q442547,Stephen Graham,male,http://www.wikidata.org/entity/Q183555,Pirates of the Caribbean: On Stranger Tides,http://www.wikidata.org/entity/Q157443,comedy film,2011
http://www.wikidata.org/entity/Q442547,Stephen Graham,male,http://www.wikidata.org/entity/Q183555,Pirates of the Caribbean: On Stranger Tides,http://www.wikidata.org/entity/Q188473,action film,2011
http://www.wikidata.org/entity/Q442547,Stephen Graham,male,http://www.wikidata.org/entity/Q183555,Pirates of the Caribbean: On Stranger Tides,http://www.wikidata.org/entity/Q319221,adventure film,2011
http://www.wikidata.org/entity/Q175535,Matt Damon,male,http://www.wikidata.org/entity/Q185490,Hereafter,http://www.wikidata.org/entity/Q130232,drama film,2011
http://www.wikidata.org/entity/Q175535,Matt Damon,male,http://www.wikidata.org/entity/Q185490,Hereafter,http://www.wikidata.org/entity/Q157394,fantasy film,2011
http://www.wikidata.org/entity/Q272972,Robin Wright,female,http://www.wikidata.org/entity/Q138084,Rampart,http://www.wikidata.org/entity/Q130232,drama film,2011
http://www.wikidata.org/entity/Q272972,Robin Wright,female,http://www.wikidata.org/entity/Q138084,Rampart,http://www.wikidata.org/entity/Q959790,crime film,2011
http://www.wikidata.org/entity/Q306403,James Franco,male,http://www.wikidata.org/entity/Q243983,Rise of the Planet of the Apes,http://www.wikidata.org/entity/Q130232,drama film,2011
http://www.wikidata.org/entity/Q34975,Brian Cox,male,http://www.wikidata.org/entity/Q243983,Rise of the Planet of the Apes,http://www.wikidata.org/entity/Q130232,drama film,2011
http://www.wikidata.org/entity/Q34975,Brian Cox,male,http://www.wikidata.org/entity/Q243983,Rise of the Planet of the Apes,http://www.wikidata.org/entity/Q188473,action film,2011
http://www.wikidata.org/entity/Q306403,James Franco,male,http://www.wikidata.org/entity/Q243983,Rise of the Planet of the Apes,http://www.wikidata.org/entity/Q188473,action film,2011
http://www.wikidata.org/entity/Q306403,James Franco,male,http://www.wikidata.org/entity/Q243983,Rise of the Planet of the Apes,http://www.wikidata.org/entity/Q130232,drama film,2011
http://www.wikidata.org/entity/Q306403,James Franco,male,http://www.wikidata.org/entity/Q243983,Rise of the Planet of the Apes,http://www.wikidata.org/entity/Q188473,action film,2011
http://www.wikidata.org/entity/Q306403,James Franco,male,http://www.wikidata.org/entity/Q243983,Rise of the Planet of the Apes,http://www.wikidata.org/entity/Q130232,drama film,2011
http://www.wikidata.org/entity/Q306403,James Franco,male,http://www.wikidata.org/entity/Q243983,Rise of the Planet of the Apes,http://www.wikidata.org/entity/Q188473,action film,2011
http://www.wikidata.org/entity/Q34975,Brian Cox,male,http://www.wikidata.org/entity/Q243983,Rise of the Planet of the Apes,http://www.wikidata.org/entity/Q130232,drama film,2011
http://www.wikidata.org/entity/Q34975,Brian Cox,male,http://www.wikidata.org/entity/Q243983,Rise of the Planet of the Apes,http://www.wikidata.org/entity/Q188473,action film,2011
http://www.wikidata.org/entity/Q34975,Brian Cox,male,http://www.wikidata.org/entity/Q243983,Rise of the Planet of the Apes,http://www.wikidata.org/entity/Q130232,drama film,2011
http://www.wikidata.org/entity/Q34975,Brian Cox,male,http://www.wikidata.org/entity/Q243983,Rise of the Planet of the Apes,http://www.wikidata.org/entity/Q188473,action film,2011
http://www.wikidata.org/entity/Q442547,Stephen Graham,male,http://www.wikidata.org/entity/Q164933,London Boulevard,http://www.wikidata.org/entity/Q130232,drama film,2011
http://www.wikidata.org/entity/Q235707,Kellan Lutz,male,http://www.wikidata.org/entity/Q60506,The Twilight Saga: Breaking Dawn – Part 1,http://www.wikidata.org/entity/Q1146335,teen film,2011
http://www.wikidata.org/entity/Q235707,Kellan Lutz,male,http://www.wikidata.org/entity/Q60506,The Twilight Saga: Breaking Dawn – Part 1,http://www.wikidata.org/entity/Q1146335,teen film,2011
http://www.wikidata.org/entity/Q235707,Kellan Lutz,male,http://www.wikidata.org/entity/Q60506,The Twilight Saga: Breaking Dawn – Part 1,http://www.wikidata.org/entity/Q1146335,teen film,2011
http://www.wikidata.org/entity/Q191084,Val Kilmer,male,http://www.wikidata.org/entity/Q245430,5 Days of War,http://www.wikidata.org/entity/Q130232,drama film,2011
http://www.wikidata.org/entity/Q191084,Val Kilmer,male,http://www.wikidata.org/entity/Q245430,5 Days of War,http://www.wikidata.org/entity/Q188473,action film,2011
http://www.wikidata.org/entity/Q191084,Val Kilmer,male,http://www.wikidata.org/entity/Q245430,5 Days of War,http://www.wikidata.org/entity/Q369747,war film,2011
http://www.wikidata.org/entity/Q191084,Val Kilmer,male,http://www.wikidata.org/entity/Q245430,5 Days of War,http://www.wikidata.org/entity/Q2484376,thriller film,2011
http://www.wikidata.org/entity/Q235707,Kellan Lutz,male,http://www.wikidata.org/entity/Q60506,The Twilight Saga: Breaking Dawn – Part 1,http://www.wikidata.org/entity/Q157394,fantasy film,2011
http://www.wikidata.org/entity/Q235707,Kellan Lutz,male,http://www.wikidata.org/entity/Q60506,The Twilight Saga: Breaking Dawn – Part 1,http://www.wikidata.org/entity/Q130232,drama film,2011
http://www.wikidata.org/entity/Q235707,Kellan Lutz,male,http://www.wikidata.org/entity/Q60506,The Twilight Saga: Breaking Dawn – Part 1,http://www.wikidata.org/entity/Q157394,fantasy film,2011
http://www.wikidata.org/entity/Q235707,Kellan Lutz,male,http://www.wikidata.org/entity/Q60506,The Twilight Saga: Breaking Dawn – Part 1,http://www.wikidata.org/entity/Q130232,drama film,2011
http://www.wikidata.org/entity/Q235707,Kellan Lutz,male,http://www.wikidata.org/entity/Q60506,The Twilight Saga: Breaking Dawn – Part 1,http://www.wikidata.org/entity/Q157394,fantasy film,2011
http://www.wikidata.org/entity/Q235707,Kellan Lutz,male,http://www.wikidata.org/entity/Q60506,The Twilight Saga: Breaking Dawn – Part 1,http://www.wikidata.org/entity/Q130232,drama film,2011
http://www.wikidata.org/entity/Q212064,Channing Tatum,male,http://www.wikidata.org/entity/Q249350,Haywire,http://www.wikidata.org/entity/Q188473,action film,2011
http://www.wikidata.org/entity/Q212064,Channing Tatum,male,http://www.wikidata.org/entity/Q249350,Haywire,http://www.wikidata.org/entity/Q959790,crime film,2011
http://www.wikidata.org/entity/Q212064,Channing Tatum,male,http://www.wikidata.org/entity/Q249350,Haywire,http://www.wikidata.org/entity/Q1200678,mystery film,2011
http://www.wikidata.org/entity/Q212064,Channing Tatum,male,http://www.wikidata.org/entity/Q249350,Haywire,http://www.wikidata.org/entity/Q2297927,spy film,2011
http://www.wikidata.org/entity/Q234434,Juno Temple,female,http://www.wikidata.org/entity/Q74643,Killer Joe,http://www.wikidata.org/entity/Q130232,drama film,2011
http://www.wikidata.org/entity/Q234434,Juno Temple,female,http://www.wikidata.org/entity/Q74643,Killer Joe,http://www.wikidata.org/entity/Q157443,comedy film,2011
http://www.wikidata.org/entity/Q1535860,Marc Macaulay,male,http://www.wikidata.org/entity/Q74643,Killer Joe,http://www.wikidata.org/entity/Q130232,drama film,2011
http://www.wikidata.org/entity/Q1535860,Marc Macaulay,male,http://www.wikidata.org/entity/Q74643,Killer Joe,http://www.wikidata.org/entity/Q157443,comedy film,2011
http://www.wikidata.org/entity/Q212064,Channing Tatum,male,http://www.wikidata.org/entity/Q81145,The Eagle,http://www.wikidata.org/entity/Q130232,drama film,2011
http://www.wikidata.org/entity/Q212064,Channing Tatum,male,http://www.wikidata.org/entity/Q81145,The Eagle,http://www.wikidata.org/entity/Q130232,drama film,2011
http://www.wikidata.org/entity/Q212064,Channing Tatum,male,http://www.wikidata.org/entity/Q81145,The Eagle,http://www.wikidata.org/entity/Q319221,adventure film,2011
http://www.wikidata.org/entity/Q212064,Channing Tatum,male,http://www.wikidata.org/entity/Q81145,The Eagle,http://www.wikidata.org/entity/Q369747,war film,2011
http://www.wikidata.org/entity/Q212064,Channing Tatum,male,http://www.wikidata.org/entity/Q81145,The Eagle,http://www.wikidata.org/entity/Q319221,adventure film,2011
http://www.wikidata.org/entity/Q212064,Channing Tatum,male,http://www.wikidata.org/entity/Q81145,The Eagle,http://www.wikidata.org/entity/Q369747,war film,2011
http://www.wikidata.org/entity/Q234434,Juno Temple,female,http://www.wikidata.org/entity/Q309248,The Three Musketeers,http://www.wikidata.org/entity/Q319221,adventure film,2011
http://www.wikidata.org/entity/Q234434,Juno Temple,female,http://www.wikidata.org/entity/Q309248,The Three Musketeers,http://www.wikidata.org/entity/Q157443,comedy film,2011
http://www.wikidata.org/entity/Q234434,Juno Temple,female,http://www.wikidata.org/entity/Q309248,The Three Musketeers,http://www.wikidata.org/entity/Q188473,action film,2011
http://www.wikidata.org/entity/Q234434,Juno Temple,female,http://www.wikidata.org/entity/Q309248,The Three Musketeers,http://www.wikidata.org/entity/Q130232,drama film,2011
http://www.wikidata.org/entity/Q313043,Richard Jenkins,male,http://www.wikidata.org/entity/Q264869,Let Me In,http://www.wikidata.org/entity/Q130232,drama film,2011
http://www.wikidata.org/entity/Q313043,Richard Jenkins,male,http://www.wikidata.org/entity/Q264869,Let Me In,http://www.wikidata.org/entity/Q157394,fantasy film,2011
http://www.wikidata.org/entity/Q313043,Richard Jenkins,male,http://www.wikidata.org/entity/Q264869,Let Me In,http://www.wikidata.org/entity/Q200092,horror film,2011
http://www.wikidata.org/entity/Q313043,Richard Jenkins,male,http://www.wikidata.org/entity/Q264869,Let Me In,http://www.wikidata.org/entity/Q1200678,mystery film,2011
http://www.wikidata.org/entity/Q200355,Olivia Wilde,female,http://www.wikidata.org/entity/Q263930,The Next Three Days,http://www.wikidata.org/entity/Q188473,action film,2011
http://www.wikidata.org/entity/Q200355,Olivia Wilde,female,http://www.wikidata.org/entity/Q263930,The Next Three Days,http://www.wikidata.org/entity/Q959790,crime film,2011
http://www.wikidata.org/entity/Q219373,Elizabeth Banks,female,http://www.wikidata.org/entity/Q263930,The Next Three Days,http://www.wikidata.org/entity/Q188473,action film,2011
http://www.wikidata.org/entity/Q219373,Elizabeth Banks,female,http://www.wikidata.org/entity/Q263930,The Next Three Days,http://www.wikidata.org/entity/Q959790,crime film,2011
http://www.wikidata.org/entity/Q313043,Richard Jenkins,male,http://www.wikidata.org/entity/Q264869,Let Me In,http://www.wikidata.org/entity/Q130232,drama film,2011
http://www.wikidata.org/entity/Q313043,Richard Jenkins,male,http://www.wikidata.org/entity/Q264869,Let Me In,http://www.wikidata.org/entity/Q157394,fantasy film,2011
http://www.wikidata.org/entity/Q313043,Richard Jenkins,male,http://www.wikidata.org/entity/Q264869,Let Me In,http://www.wikidata.org/entity/Q200092,horror film,2011
http://www.wikidata.org/entity/Q313043,Richard Jenkins,male,http://www.wikidata.org/entity/Q264869,Let Me In,http://www.wikidata.org/entity/Q1200678,mystery film,2011
http://www.wikidata.org/entity/Q200355,Olivia Wilde,female,http://www.wikidata.org/entity/Q263930,The Next Three Days,http://www.wikidata.org/entity/Q130232,drama film,2011
http://www.wikidata.org/entity/Q219373,Elizabeth Banks,female,http://www.wikidata.org/entity/Q263930,The Next Three Days,http://www.wikidata.org/entity/Q130232,drama film,2011
http://www.wikidata.org/entity/Q229313,Jessica Chastain,female,http://www.wikidata.org/entity/Q204374,The Help,http://www.wikidata.org/entity/Q859369,comedy drama,2011
http://www.wikidata.org/entity/Q229313,Jessica Chastain,female,http://www.wikidata.org/entity/Q204374,The Help,http://www.wikidata.org/entity/Q130232,drama film,2011
http://www.wikidata.org/entity/Q229313,Jessica Chastain,female,http://www.wikidata.org/entity/Q204374,The Help,http://www.wikidata.org/entity/Q859369,comedy drama,2011
http://www.wikidata.org/entity/Q229313,Jessica Chastain,female,http://www.wikidata.org/entity/Q204374,The Help,http://www.wikidata.org/entity/Q130232,drama film,2011
http://www.wikidata.org/entity/Q229313,Jessica Chastain,female,http://www.wikidata.org/entity/Q204374,The Help,http://www.wikidata.org/entity/Q859369,comedy drama,2011
http://www.wikidata.org/entity/Q229313,Jessica Chastain,female,http://www.wikidata.org/entity/Q204374,The Help,http://www.wikidata.org/entity/Q130232,drama film,2011
http://www.wikidata.org/entity/Q229313,Jessica Chastain,female,http://www.wikidata.org/entity/Q204374,The Help,http://www.wikidata.org/entity/Q859369,comedy drama,2011
http://www.wikidata.org/entity/Q229313,Jessica Chastain,female,http://www.wikidata.org/entity/Q204374,The Help,http://www.wikidata.org/entity/Q130232,drama film,2011
http://www.wikidata.org/entity/Q175535,Matt Damon,male,http://www.wikidata.org/entity/Q326114,True Grit,http://www.wikidata.org/entity/Q130232,drama film,2011
http://www.wikidata.org/entity/Q175535,Matt Damon,male,http://www.wikidata.org/entity/Q326114,True Grit,http://www.wikidata.org/entity/Q319221,adventure film,2011
http://www.wikidata.org/entity/Q296822,Vinnie Jones,male,http://www.wikidata.org/entity/Q392328,Age of the Dragons,http://www.wikidata.org/entity/Q157394,fantasy film,2011
http://www.wikidata.org/entity/Q296822,Vinnie Jones,male,http://www.wikidata.org/entity/Q392328,Age of the Dragons,http://www.wikidata.org/entity/Q188473,action film,2011
http://www.wikidata.org/entity/Q296822,Vinnie Jones,male,http://www.wikidata.org/entity/Q392328,Age of the Dragons,http://www.wikidata.org/entity/Q2484376,thriller film,2011
http://www.wikidata.org/entity/Q314133,Anton Yelchin,male,http://www.wikidata.org/entity/Q268824,Fright Night,http://www.wikidata.org/entity/Q157443,comedy film,2011
http://www.wikidata.org/entity/Q314133,Anton Yelchin,male,http://www.wikidata.org/entity/Q268824,Fright Night,http://www.wikidata.org/entity/Q1146335,teen film,2011
http://www.wikidata.org/entity/Q314133,Anton Yelchin,male,http://www.wikidata.org/entity/Q268824,Fright Night,http://www.wikidata.org/entity/Q157443,comedy film,2011
http://www.wikidata.org/entity/Q314133,Anton Yelchin,male,http://www.wikidata.org/entity/Q268824,Fright Night,http://www.wikidata.org/entity/Q1146335,teen film,2011
http://www.wikidata.org/entity/Q229410,Melissa Leo,female,http://www.wikidata.org/entity/Q323472,The Fighter,http://www.wikidata.org/entity/Q130232,drama film,2011
http://www.wikidata.org/entity/Q172678,Samuel L. Jackson,male,http://www.wikidata.org/entity/Q275120,Captain America: The First Avenger,http://www.wikidata.org/entity/Q369747,war film,2011
http://www.wikidata.org/entity/Q172678,Samuel L. Jackson,male,http://www.wikidata.org/entity/Q275120,Captain America: The First Avenger,http://www.wikidata.org/entity/Q369747,war film,2011
http://www.wikidata.org/entity/Q172678,Samuel L. Jackson,male,http://www.wikidata.org/entity/Q275120,Captain America: The First Avenger,http://www.wikidata.org/entity/Q369747,war film,2011
http://www.wikidata.org/entity/Q172678,Samuel L. Jackson,male,http://www.wikidata.org/entity/Q275120,Captain America: The First Avenger,http://www.wikidata.org/entity/Q188473,action film,2011
http://www.wikidata.org/entity/Q172678,Samuel L. Jackson,male,http://www.wikidata.org/entity/Q275120,Captain America: The First Avenger,http://www.wikidata.org/entity/Q188473,action film,2011
http://www.wikidata.org/entity/Q172678,Samuel L. Jackson,male,http://www.wikidata.org/entity/Q275120,Captain America: The First Avenger,http://www.wikidata.org/entity/Q188473,action film,2011
http://www.wikidata.org/entity/Q172678,Samuel L. Jackson,male,http://www.wikidata.org/entity/Q275120,Captain America: The First Avenger,http://www.wikidata.org/entity/Q188473,action film,2011
http://www.wikidata.org/entity/Q161916,Owen Wilson,male,http://www.wikidata.org/entity/Q206124,Midnight in Paris,http://www.wikidata.org/entity/Q157394,fantasy film,2011
http://www.wikidata.org/entity/Q161916,Owen Wilson,male,http://www.wikidata.org/entity/Q206124,Midnight in Paris,http://www.wikidata.org/entity/Q157394,fantasy film,2011
http://www.wikidata.org/entity/Q161916,Owen Wilson,male,http://www.wikidata.org/entity/Q206124,Midnight in Paris,http://www.wikidata.org/entity/Q157394,fantasy film,2011
http://www.wikidata.org/entity/Q161916,Owen Wilson,male,http://www.wikidata.org/entity/Q206124,Midnight in Paris,http://www.wikidata.org/entity/Q157394,fantasy film,2011
http://www.wikidata.org/entity/Q172678,Samuel L. Jackson,male,http://www.wikidata.org/entity/Q275120,Captain America: The First Avenger,http://www.wikidata.org/entity/Q369747,war film,2011
http://www.wikidata.org/entity/Q172678,Samuel L. Jackson,male,http://www.wikidata.org/entity/Q275120,Captain America: The First Avenger,http://www.wikidata.org/entity/Q369747,war film,2011
http://www.wikidata.org/entity/Q172678,Samuel L. Jackson,male,http://www.wikidata.org/entity/Q275120,Captain America: The First Avenger,http://www.wikidata.org/entity/Q369747,war film,2011
http://www.wikidata.org/entity/Q172678,Samuel L. Jackson,male,http://www.wikidata.org/entity/Q275120,Captain America: The First Avenger,http://www.wikidata.org/entity/Q188473,action film,2011
http://www.wikidata.org/entity/Q172678,Samuel L. Jackson,male,http://www.wikidata.org/entity/Q275120,Captain America: The First Avenger,http://www.wikidata.org/entity/Q188473,action film,2011
http://www.wikidata.org/entity/Q172678,Samuel L. Jackson,male,http://www.wikidata.org/entity/Q275120,Captain America: The First Avenger,http://www.wikidata.org/entity/Q319221,adventure film,2011
http://www.wikidata.org/entity/Q172678,Samuel L. Jackson,male,http://www.wikidata.org/entity/Q275120,Captain America: The First Avenger,http://www.wikidata.org/entity/Q319221,adventure film,2011
http://www.wikidata.org/entity/Q172678,Samuel L. Jackson,male,http://www.wikidata.org/entity/Q275120,Captain America: The First Avenger,http://www.wikidata.org/entity/Q319221,adventure film,2011
http://www.wikidata.org/entity/Q172678,Samuel L. Jackson,male,http://www.wikidata.org/entity/Q275120,Captain America: The First Avenger,http://www.wikidata.org/entity/Q319221,adventure film,2011
http://www.wikidata.org/entity/Q172678,Samuel L. Jackson,male,http://www.wikidata.org/entity/Q275120,Captain America: The First Avenger,http://www.wikidata.org/entity/Q319221,adventure film,2011
http://www.wikidata.org/entity/Q172678,Samuel L. Jackson,male,http://www.wikidata.org/entity/Q275120,Captain America: The First Avenger,http://www.wikidata.org/entity/Q319221,adventure film,2011
http://www.wikidata.org/entity/Q228792,Dianna Agron,female,http://www.wikidata.org/entity/Q470407,I Am Number Four,http://www.wikidata.org/entity/Q188473,action film,2011
http://www.wikidata.org/entity/Q228792,Dianna Agron,female,http://www.wikidata.org/entity/Q470407,I Am Number Four,http://www.wikidata.org/entity/Q1146335,teen film,2011
http://www.wikidata.org/entity/Q228792,Dianna Agron,female,http://www.wikidata.org/entity/Q470407,I Am Number Four,http://www.wikidata.org/entity/Q2484376,thriller film,2011
http://www.wikidata.org/entity/Q228792,Dianna Agron,female,http://www.wikidata.org/entity/Q470407,I Am Number Four,http://www.wikidata.org/entity/Q188473,action film,2011
http://www.wikidata.org/entity/Q228792,Dianna Agron,female,http://www.wikidata.org/entity/Q470407,I Am Number Four,http://www.wikidata.org/entity/Q1146335,teen film,2011
http://www.wikidata.org/entity/Q228792,Dianna Agron,female,http://www.wikidata.org/entity/Q470407,I Am Number Four,http://www.wikidata.org/entity/Q2484376,thriller film,2011
http://www.wikidata.org/entity/Q272972,Robin Wright,female,http://www.wikidata.org/entity/Q474093,The Girl with the Dragon Tattoo,http://www.wikidata.org/entity/Q130232,drama film,2011
http://www.wikidata.org/entity/Q37876,Natalie Portman,female,http://www.wikidata.org/entity/Q474087,No Strings Attached,http://www.wikidata.org/entity/Q130232,drama film,2011
http://www.wikidata.org/entity/Q272972,Robin Wright,female,http://www.wikidata.org/entity/Q474093,The Girl with the Dragon Tattoo,http://www.wikidata.org/entity/Q200092,horror film,2011
http://www.wikidata.org/entity/Q272972,Robin Wright,female,http://www.wikidata.org/entity/Q474093,The Girl with the Dragon Tattoo,http://www.wikidata.org/entity/Q1200678,mystery film,2011
http://www.wikidata.org/entity/Q272972,Robin Wright,female,http://www.wikidata.org/entity/Q474093,The Girl with the Dragon Tattoo,http://www.wikidata.org/entity/Q2484376,thriller film,2011
http://www.wikidata.org/entity/Q37876,Natalie Portman,female,http://www.wikidata.org/entity/Q474087,No Strings Attached,http://www.wikidata.org/entity/Q130232,drama film,2011
http://www.wikidata.org/entity/Q41449,Michael Shannon,male,http://www.wikidata.org/entity/Q283932,Machine Gun Preacher,http://www.wikidata.org/entity/Q130232,drama film,2011
http://www.wikidata.org/entity/Q41449,Michael Shannon,male,http://www.wikidata.org/entity/Q283932,Machine Gun Preacher,http://www.wikidata.org/entity/Q188473,action film,2011
http://www.wikidata.org/entity/Q41449,Michael Shannon,male,http://www.wikidata.org/entity/Q283932,Machine Gun Preacher,http://www.wikidata.org/entity/Q369747,war film,2011
http://www.wikidata.org/entity/Q41449,Michael Shannon,male,http://www.wikidata.org/entity/Q283932,Machine Gun Preacher,http://www.wikidata.org/entity/Q959790,crime film,2011
http://www.wikidata.org/entity/Q113206,Clark Gregg,male,http://www.wikidata.org/entity/Q217020,Thor,http://www.wikidata.org/entity/Q188473,action film,2011
http://www.wikidata.org/entity/Q113206,Clark Gregg,male,http://www.wikidata.org/entity/Q217020,Thor,http://www.wikidata.org/entity/Q157394,fantasy film,2011
http://www.wikidata.org/entity/Q172678,Samuel L. Jackson,male,http://www.wikidata.org/entity/Q217020,Thor,http://www.wikidata.org/entity/Q188473,action film,2011
http://www.wikidata.org/entity/Q172678,Samuel L. Jackson,male,http://www.wikidata.org/entity/Q217020,Thor,http://www.wikidata.org/entity/Q157394,fantasy film,2011
http://www.wikidata.org/entity/Q37876,Natalie Portman,female,http://www.wikidata.org/entity/Q217020,Thor,http://www.wikidata.org/entity/Q188473,action film,2011
http://www.wikidata.org/entity/Q37876,Natalie Portman,female,http://www.wikidata.org/entity/Q217020,Thor,http://www.wikidata.org/entity/Q157394,fantasy film,2011
http://www.wikidata.org/entity/Q113206,Clark Gregg,male,http://www.wikidata.org/entity/Q217020,Thor,http://www.wikidata.org/entity/Q188473,action film,2011
http://www.wikidata.org/entity/Q113206,Clark Gregg,male,http://www.wikidata.org/entity/Q217020,Thor,http://www.wikidata.org/entity/Q157394,fantasy film,2011
http://www.wikidata.org/entity/Q172678,Samuel L. Jackson,male,http://www.wikidata.org/entity/Q217020,Thor,http://www.wikidata.org/entity/Q188473,action film,2011
http://www.wikidata.org/entity/Q172678,Samuel L. Jackson,male,http://www.wikidata.org/entity/Q217020,Thor,http://www.wikidata.org/entity/Q157394,fantasy film,2011
http://www.wikidata.org/entity/Q37876,Natalie Portman,female,http://www.wikidata.org/entity/Q217020,Thor,http://www.wikidata.org/entity/Q188473,action film,2011
http://www.wikidata.org/entity/Q37876,Natalie Portman,female,http://www.wikidata.org/entity/Q217020,Thor,http://www.wikidata.org/entity/Q157394,fantasy film,2011
http://www.wikidata.org/entity/Q113206,Clark Gregg,male,http://www.wikidata.org/entity/Q217020,Thor,http://www.wikidata.org/entity/Q157394,fantasy film,2011
http://www.wikidata.org/entity/Q172678,Samuel L. Jackson,male,http://www.wikidata.org/entity/Q217020,Thor,http://www.wikidata.org/entity/Q157394,fantasy film,2011
http://www.wikidata.org/entity/Q37876,Natalie Portman,female,http://www.wikidata.org/entity/Q217020,Thor,http://www.wikidata.org/entity/Q157394,fantasy film,2011
http://www.wikidata.org/entity/Q37876,Natalie Portman,female,http://www.wikidata.org/entity/Q217020,Thor,http://www.wikidata.org/entity/Q188473,action film,2011
http://www.wikidata.org/entity/Q37876,Natalie Portman,female,http://www.wikidata.org/entity/Q217020,Thor,http://www.wikidata.org/entity/Q157394,fantasy film,2011
http://www.wikidata.org/entity/Q113206,Clark Gregg,male,http://www.wikidata.org/entity/Q217020,Thor,http://www.wikidata.org/entity/Q188473,action film,2011
http://www.wikidata.org/entity/Q113206,Clark Gregg,male,http://www.wikidata.org/entity/Q217020,Thor,http://www.wikidata.org/entity/Q157394,fantasy film,2011
http://www.wikidata.org/entity/Q172678,Samuel L. Jackson,male,http://www.wikidata.org/entity/Q217020,Thor,http://www.wikidata.org/entity/Q188473,action film,2011
http://www.wikidata.org/entity/Q172678,Samuel L. Jackson,male,http://www.wikidata.org/entity/Q217020,Thor,http://www.wikidata.org/entity/Q157394,fantasy film,2011
http://www.wikidata.org/entity/Q37876,Natalie Portman,female,http://www.wikidata.org/entity/Q217020,Thor,http://www.wikidata.org/entity/Q319221,adventure film,2011
http://www.wikidata.org/entity/Q113206,Clark Gregg,male,http://www.wikidata.org/entity/Q217020,Thor,http://www.wikidata.org/entity/Q319221,adventure film,2011
http://www.wikidata.org/entity/Q172678,Samuel L. Jackson,male,http://www.wikidata.org/entity/Q217020,Thor,http://www.wikidata.org/entity/Q319221,adventure film,2011
http://www.wikidata.org/entity/Q172678,Samuel L. Jackson,male,http://www.wikidata.org/entity/Q217020,Thor,http://www.wikidata.org/entity/Q319221,adventure film,2011
http://www.wikidata.org/entity/Q37876,Natalie Portman,female,http://www.wikidata.org/entity/Q217020,Thor,http://www.wikidata.org/entity/Q188473,action film,2011
http://www.wikidata.org/entity/Q113206,Clark Gregg,male,http://www.wikidata.org/entity/Q217020,Thor,http://www.wikidata.org/entity/Q319221,adventure film,2011
http://www.wikidata.org/entity/Q172678,Samuel L. Jackson,male,http://www.wikidata.org/entity/Q217020,Thor,http://www.wikidata.org/entity/Q319221,adventure film,2011
http://www.wikidata.org/entity/Q37876,Natalie Portman,female,http://www.wikidata.org/entity/Q217020,Thor,http://www.wikidata.org/entity/Q319221,adventure film,2011
http://www.wikidata.org/entity/Q113206,Clark Gregg,male,http://www.wikidata.org/entity/Q217020,Thor,http://www.wikidata.org/entity/Q188473,action film,2011
http://www.wikidata.org/entity/Q172678,Samuel L. Jackson,male,http://www.wikidata.org/entity/Q217020,Thor,http://www.wikidata.org/entity/Q188473,action film,2011
http://www.wikidata.org/entity/Q23547,Bryan Cranston,male,http://www.wikidata.org/entity/Q287748,The Lincoln Lawyer,http://www.wikidata.org/entity/Q130232,drama film,2011
http://www.wikidata.org/entity/Q23547,Bryan Cranston,male,http://www.wikidata.org/entity/Q287748,The Lincoln Lawyer,http://www.wikidata.org/entity/Q959790,crime film,2011
http://www.wikidata.org/entity/Q359488,Michael Peña,male,http://www.wikidata.org/entity/Q287748,The Lincoln Lawyer,http://www.wikidata.org/entity/Q130232,drama film,2011
http://www.wikidata.org/entity/Q359488,Michael Peña,male,http://www.wikidata.org/entity/Q287748,The Lincoln Lawyer,http://www.wikidata.org/entity/Q959790,crime film,2011
http://www.wikidata.org/entity/Q23547,Bryan Cranston,male,http://www.wikidata.org/entity/Q287748,The Lincoln Lawyer,http://www.wikidata.org/entity/Q130232,drama film,2011
http://www.wikidata.org/entity/Q23547,Bryan Cranston,male,http://www.wikidata.org/entity/Q287748,The Lincoln Lawyer,http://www.wikidata.org/entity/Q959790,crime film,2011
http://www.wikidata.org/entity/Q113206,Clark Gregg,male,http://www.wikidata.org/entity/Q217020,Thor,http://www.wikidata.org/entity/Q319221,adventure film,2011
http://www.wikidata.org/entity/Q113206,Clark Gregg,male,http://www.wikidata.org/entity/Q217020,Thor,http://www.wikidata.org/entity/Q319221,adventure film,2011
http://www.wikidata.org/entity/Q172678,Samuel L. Jackson,male,http://www.wikidata.org/entity/Q217020,Thor,http://www.wikidata.org/entity/Q319221,adventure film,2011
http://www.wikidata.org/entity/Q37876,Natalie Portman,female,http://www.wikidata.org/entity/Q217020,Thor,http://www.wikidata.org/entity/Q319221,adventure film,2011
http://www.wikidata.org/entity/Q37876,Natalie Portman,female,http://www.wikidata.org/entity/Q217020,Thor,http://www.wikidata.org/entity/Q319221,adventure film,2011
http://www.wikidata.org/entity/Q359488,Michael Peña,male,http://www.wikidata.org/entity/Q287748,The Lincoln Lawyer,http://www.wikidata.org/entity/Q130232,drama film,2011
http://www.wikidata.org/entity/Q359488,Michael Peña,male,http://www.wikidata.org/entity/Q287748,The Lincoln Lawyer,http://www.wikidata.org/entity/Q959790,crime film,2011
http://www.wikidata.org/entity/Q113206,Clark Gregg,male,http://www.wikidata.org/entity/Q370893,The Air I Breathe,http://www.wikidata.org/entity/Q130232,drama film,2011
http://www.wikidata.org/entity/Q113206,Clark Gregg,male,http://www.wikidata.org/entity/Q370893,The Air I Breathe,http://www.wikidata.org/entity/Q959790,crime film,2011
http://www.wikidata.org/entity/Q3454165,Kevin Bacon,male,http://www.wikidata.org/entity/Q370893,The Air I Breathe,http://www.wikidata.org/entity/Q130232,drama film,2011
http://www.wikidata.org/entity/Q3454165,Kevin Bacon,male,http://www.wikidata.org/entity/Q370893,The Air I Breathe,http://www.wikidata.org/entity/Q959790,crime film,2011
http://www.wikidata.org/entity/Q314133,Anton Yelchin,male,http://www.wikidata.org/entity/Q454398,The Smurfs,http://www.wikidata.org/entity/Q157394,fantasy film,2011
http://www.wikidata.org/entity/Q314133,Anton Yelchin,male,http://www.wikidata.org/entity/Q454398,The Smurfs,http://www.wikidata.org/entity/Q157443,comedy film,2011
http://www.wikidata.org/entity/Q314133,Anton Yelchin,male,http://www.wikidata.org/entity/Q454398,The Smurfs,http://www.wikidata.org/entity/Q157394,fantasy film,2011
http://www.wikidata.org/entity/Q314133,Anton Yelchin,male,http://www.wikidata.org/entity/Q454398,The Smurfs,http://www.wikidata.org/entity/Q157443,comedy film,2011
http://www.wikidata.org/entity/Q314133,Anton Yelchin,male,http://www.wikidata.org/entity/Q454398,The Smurfs,http://www.wikidata.org/entity/Q157394,fantasy film,2011
http://www.wikidata.org/entity/Q314133,Anton Yelchin,male,http://www.wikidata.org/entity/Q454398,The Smurfs,http://www.wikidata.org/entity/Q157443,comedy film,2011
http://www.wikidata.org/entity/Q442547,Stephen Graham,male,http://www.wikidata.org/entity/Q218589,War Horse,http://www.wikidata.org/entity/Q130232,drama film,2011
http://www.wikidata.org/entity/Q442547,Stephen Graham,male,http://www.wikidata.org/entity/Q218589,War Horse,http://www.wikidata.org/entity/Q369747,war film,2011
http://www.wikidata.org/entity/Q202056,Hank Azaria,male,http://www.wikidata.org/entity/Q454398,The Smurfs,http://www.wikidata.org/entity/Q157394,fantasy film,2011
http://www.wikidata.org/entity/Q202056,Hank Azaria,male,http://www.wikidata.org/entity/Q454398,The Smurfs,http://www.wikidata.org/entity/Q157394,fantasy film,2011
http://www.wikidata.org/entity/Q202056,Hank Azaria,male,http://www.wikidata.org/entity/Q454398,The Smurfs,http://www.wikidata.org/entity/Q157394,fantasy film,2011
http://www.wikidata.org/entity/Q23547,Bryan Cranston,male,http://www.wikidata.org/entity/Q382864,Larry Crowne,http://www.wikidata.org/entity/Q130232,drama film,2011
http://www.wikidata.org/entity/Q235511,Taraji P. Henson,female,http://www.wikidata.org/entity/Q382864,Larry Crowne,http://www.wikidata.org/entity/Q130232,drama film,2011
http://www.wikidata.org/entity/Q202056,Hank Azaria,male,http://www.wikidata.org/entity/Q454398,The Smurfs,http://www.wikidata.org/entity/Q157443,comedy film,2011
http://www.wikidata.org/entity/Q202056,Hank Azaria,male,http://www.wikidata.org/entity/Q454398,The Smurfs,http://www.wikidata.org/entity/Q157443,comedy film,2011
http://www.wikidata.org/entity/Q202056,Hank Azaria,male,http://www.wikidata.org/entity/Q454398,The Smurfs,http://www.wikidata.org/entity/Q157443,comedy film,2011
http://www.wikidata.org/entity/Q23547,Bryan Cranston,male,http://www.wikidata.org/entity/Q382864,Larry Crowne,http://www.wikidata.org/entity/Q157443,comedy film,2011
http://www.wikidata.org/entity/Q272972,Robin Wright,female,http://www.wikidata.org/entity/Q221820,Moneyball,http://www.wikidata.org/entity/Q130232,drama film,2011
http://www.wikidata.org/entity/Q235511,Taraji P. Henson,female,http://www.wikidata.org/entity/Q382864,Larry Crowne,http://www.wikidata.org/entity/Q157443,comedy film,2011
http://www.wikidata.org/entity/Q175535,Matt Damon,male,http://www.wikidata.org/entity/Q492089,The Adjustment Bureau,http://www.wikidata.org/entity/Q157394,fantasy film,2011
http://www.wikidata.org/entity/Q175535,Matt Damon,male,http://www.wikidata.org/entity/Q492089,The Adjustment Bureau,http://www.wikidata.org/entity/Q188473,action film,2011
http://www.wikidata.org/entity/Q175535,Matt Damon,male,http://www.wikidata.org/entity/Q492089,The Adjustment Bureau,http://www.wikidata.org/entity/Q2484376,thriller film,2011
http://www.wikidata.org/entity/Q175535,Matt Damon,male,http://www.wikidata.org/entity/Q492089,The Adjustment Bureau,http://www.wikidata.org/entity/Q157394,fantasy film,2011
http://www.wikidata.org/entity/Q175535,Matt Damon,male,http://www.wikidata.org/entity/Q492089,The Adjustment Bureau,http://www.wikidata.org/entity/Q188473,action film,2011
http://www.wikidata.org/entity/Q175535,Matt Damon,male,http://www.wikidata.org/entity/Q492089,The Adjustment Bureau,http://www.wikidata.org/entity/Q2484376,thriller film,2011
http://www.wikidata.org/entity/Q175535,Matt Damon,male,http://www.wikidata.org/entity/Q492089,The Adjustment Bureau,http://www.wikidata.org/entity/Q157394,fantasy film,2011
http://www.wikidata.org/entity/Q193815,Ryan Gosling,male,http://www.wikidata.org/entity/Q543581,The Ides of March,http://www.wikidata.org/entity/Q130232,drama film,2011
http://www.wikidata.org/entity/Q193815,Ryan Gosling,male,http://www.wikidata.org/entity/Q543581,The Ides of March,http://www.wikidata.org/entity/Q130232,drama film,2011
http://www.wikidata.org/entity/Q193815,Ryan Gosling,male,http://www.wikidata.org/entity/Q543581,The Ides of March,http://www.wikidata.org/entity/Q130232,drama film,2011
http://www.wikidata.org/entity/Q175535,Matt Damon,male,http://www.wikidata.org/entity/Q492089,The Adjustment Bureau,http://www.wikidata.org/entity/Q188473,action film,2011
http://www.wikidata.org/entity/Q175535,Matt Damon,male,http://www.wikidata.org/entity/Q492089,The Adjustment Bureau,http://www.wikidata.org/entity/Q2484376,thriller film,2011
http://www.wikidata.org/entity/Q175535,Matt Damon,male,http://www.wikidata.org/entity/Q492089,The Adjustment Bureau,http://www.wikidata.org/entity/Q157394,fantasy film,2011
http://www.wikidata.org/entity/Q175535,Matt Damon,male,http://www.wikidata.org/entity/Q492089,The Adjustment Bureau,http://www.wikidata.org/entity/Q188473,action film,2011
http://www.wikidata.org/entity/Q175535,Matt Damon,male,http://www.wikidata.org/entity/Q492089,The Adjustment Bureau,http://www.wikidata.org/entity/Q2484376,thriller film,2011
http://www.wikidata.org/entity/Q223830,Danny Trejo,male,http://www.wikidata.org/entity/Q550591,Spy Kids: All the Time in the World,http://www.wikidata.org/entity/Q157443,comedy film,2011
http://www.wikidata.org/entity/Q223830,Danny Trejo,male,http://www.wikidata.org/entity/Q550591,Spy Kids: All the Time in the World,http://www.wikidata.org/entity/Q188473,action film,2011
http://www.wikidata.org/entity/Q202304,Jason Segel,male,http://www.wikidata.org/entity/Q629596,Friends with Benefits,http://www.wikidata.org/entity/Q157443,comedy film,2011
http://www.wikidata.org/entity/Q202304,Jason Segel,male,http://www.wikidata.org/entity/Q629596,Friends with Benefits,http://www.wikidata.org/entity/Q157443,comedy film,2011
http://www.wikidata.org/entity/Q202304,Jason Segel,male,http://www.wikidata.org/entity/Q629596,Friends with Benefits,http://www.wikidata.org/entity/Q157443,comedy film,2011
http://www.wikidata.org/entity/Q313043,Richard Jenkins,male,http://www.wikidata.org/entity/Q629596,Friends with Benefits,http://www.wikidata.org/entity/Q157443,comedy film,2011
http://www.wikidata.org/entity/Q313043,Richard Jenkins,male,http://www.wikidata.org/entity/Q629596,Friends with Benefits,http://www.wikidata.org/entity/Q157443,comedy film,2011
http://www.wikidata.org/entity/Q313043,Richard Jenkins,male,http://www.wikidata.org/entity/Q629596,Friends with Benefits,http://www.wikidata.org/entity/Q157443,comedy film,2011
http://www.wikidata.org/entity/Q540608,Rashida Jones,female,http://www.wikidata.org/entity/Q629596,Friends with Benefits,http://www.wikidata.org/entity/Q157443,comedy film,2011
http://www.wikidata.org/entity/Q540608,Rashida Jones,female,http://www.wikidata.org/entity/Q629596,Friends with Benefits,http://www.wikidata.org/entity/Q157443,comedy film,2011
http://www.wikidata.org/entity/Q540608,Rashida Jones,female,http://www.wikidata.org/entity/Q629596,Friends with Benefits,http://www.wikidata.org/entity/Q157443,comedy film,2011
http://www.wikidata.org/entity/Q320204,Jeffrey Tambor,male,http://www.wikidata.org/entity/Q636294,Flypaper,http://www.wikidata.org/entity/Q157443,comedy film,2011
http://www.wikidata.org/entity/Q1198697,Pruitt Taylor Vince,male,http://www.wikidata.org/entity/Q636294,Flypaper,http://www.wikidata.org/entity/Q157443,comedy film,2011
http://www.wikidata.org/entity/Q223830,Danny Trejo,male,http://www.wikidata.org/entity/Q550591,Spy Kids: All the Time in the World,http://www.wikidata.org/entity/Q2297927,spy film,2011
http://www.wikidata.org/entity/Q314133,Anton Yelchin,male,http://www.wikidata.org/entity/Q598752,Like Crazy,http://www.wikidata.org/entity/Q130232,drama film,2011
http://www.wikidata.org/entity/Q202304,Jason Segel,male,http://www.wikidata.org/entity/Q550558,The Muppets,http://www.wikidata.org/entity/Q157443,comedy film,2011
http://www.wikidata.org/entity/Q223830,Danny Trejo,male,http://www.wikidata.org/entity/Q550558,The Muppets,http://www.wikidata.org/entity/Q157443,comedy film,2011
http://www.wikidata.org/entity/Q440910,Ken Jeong,male,http://www.wikidata.org/entity/Q550558,The Muppets,http://www.wikidata.org/entity/Q157443,comedy film,2011
http://www.wikidata.org/entity/Q483907,Jack Black,male,http://www.wikidata.org/entity/Q550558,The Muppets,http://www.wikidata.org/entity/Q157443,comedy film,2011
http://www.wikidata.org/entity/Q540608,Rashida Jones,female,http://www.wikidata.org/entity/Q550558,The Muppets,http://www.wikidata.org/entity/Q157443,comedy film,2011
http://www.wikidata.org/entity/Q172678,Samuel L. Jackson,male,http://www.wikidata.org/entity/Q641237,Arena,http://www.wikidata.org/entity/Q188473,action film,2011
http://www.wikidata.org/entity/Q235707,Kellan Lutz,male,http://www.wikidata.org/entity/Q641237,Arena,http://www.wikidata.org/entity/Q188473,action film,2011
http://www.wikidata.org/entity/Q441913,James Remar,male,http://www.wikidata.org/entity/Q641237,Arena,http://www.wikidata.org/entity/Q188473,action film,2011
http://www.wikidata.org/entity/Q202304,Jason Segel,male,http://www.wikidata.org/entity/Q643972,"Jeff, Who Lives at Home",http://www.wikidata.org/entity/Q130232,drama film,2011
http://www.wikidata.org/entity/Q202304,Jason Segel,male,http://www.wikidata.org/entity/Q643972,"Jeff, Who Lives at Home",http://www.wikidata.org/entity/Q859369,comedy drama,2011
http://www.wikidata.org/entity/Q113206,Clark Gregg,male,http://www.wikidata.org/entity/Q682549,Mr. Popper's Penguins,http://www.wikidata.org/entity/Q157443,comedy film,2011
http://www.wikidata.org/entity/Q113206,Clark Gregg,male,http://www.wikidata.org/entity/Q682549,Mr. Popper's Penguins,http://www.wikidata.org/entity/Q1361932,family film,2011
http://www.wikidata.org/entity/Q113206,Clark Gregg,male,http://www.wikidata.org/entity/Q682549,Mr. Popper's Penguins,http://www.wikidata.org/entity/Q157443,comedy film,2011
http://www.wikidata.org/entity/Q113206,Clark Gregg,male,http://www.wikidata.org/entity/Q682549,Mr. Popper's Penguins,http://www.wikidata.org/entity/Q1361932,family film,2011
http://www.wikidata.org/entity/Q113206,Clark Gregg,male,http://www.wikidata.org/entity/Q682549,Mr. Popper's Penguins,http://www.wikidata.org/entity/Q157443,comedy film,2011
http://www.wikidata.org/entity/Q113206,Clark Gregg,male,http://www.wikidata.org/entity/Q682549,Mr. Popper's Penguins,http://www.wikidata.org/entity/Q1361932,family film,2011
http://www.wikidata.org/entity/Q228871,Carla Gugino,female,http://www.wikidata.org/entity/Q682549,Mr. Popper's Penguins,http://www.wikidata.org/entity/Q157443,comedy film,2011
http://www.wikidata.org/entity/Q228871,Carla Gugino,female,http://www.wikidata.org/entity/Q682549,Mr. Popper's Penguins,http://www.wikidata.org/entity/Q1361932,family film,2011
http://www.wikidata.org/entity/Q228871,Carla Gugino,female,http://www.wikidata.org/entity/Q682549,Mr. Popper's Penguins,http://www.wikidata.org/entity/Q157443,comedy film,2011
http://www.wikidata.org/entity/Q228871,Carla Gugino,female,http://www.wikidata.org/entity/Q682549,Mr. Popper's Penguins,http://www.wikidata.org/entity/Q1361932,family film,2011
http://www.wikidata.org/entity/Q228871,Carla Gugino,female,http://www.wikidata.org/entity/Q682549,Mr. Popper's Penguins,http://www.wikidata.org/entity/Q157443,comedy film,2011
http://www.wikidata.org/entity/Q228871,Carla Gugino,female,http://www.wikidata.org/entity/Q682549,Mr. Popper's Penguins,http://www.wikidata.org/entity/Q1361932,family film,2011
http://www.wikidata.org/entity/Q320204,Jeffrey Tambor,male,http://www.wikidata.org/entity/Q682549,Mr. Popper's Penguins,http://www.wikidata.org/entity/Q157443,comedy film,2011
http://www.wikidata.org/entity/Q320204,Jeffrey Tambor,male,http://www.wikidata.org/entity/Q682549,Mr. Popper's Penguins,http://www.wikidata.org/entity/Q1361932,family film,2011
http://www.wikidata.org/entity/Q320204,Jeffrey Tambor,male,http://www.wikidata.org/entity/Q682549,Mr. Popper's Penguins,http://www.wikidata.org/entity/Q157443,comedy film,2011
http://www.wikidata.org/entity/Q320204,Jeffrey Tambor,male,http://www.wikidata.org/entity/Q682549,Mr. Popper's Penguins,http://www.wikidata.org/entity/Q1361932,family film,2011
http://www.wikidata.org/entity/Q320204,Jeffrey Tambor,male,http://www.wikidata.org/entity/Q682549,Mr. Popper's Penguins,http://www.wikidata.org/entity/Q157443,comedy film,2011
http://www.wikidata.org/entity/Q320204,Jeffrey Tambor,male,http://www.wikidata.org/entity/Q682549,Mr. Popper's Penguins,http://www.wikidata.org/entity/Q1361932,family film,2011
http://www.wikidata.org/entity/Q193815,Ryan Gosling,male,http://www.wikidata.org/entity/Q519490,"Crazy, Stupid, Love.",http://www.wikidata.org/entity/Q859369,comedy drama,2011
http://www.wikidata.org/entity/Q193815,Ryan Gosling,male,http://www.wikidata.org/entity/Q519490,"Crazy, Stupid, Love.",http://www.wikidata.org/entity/Q1146335,teen film,2011
http://www.wikidata.org/entity/Q193815,Ryan Gosling,male,http://www.wikidata.org/entity/Q519490,"Crazy, Stupid, Love.",http://www.wikidata.org/entity/Q859369,comedy drama,2011
http://www.wikidata.org/entity/Q193815,Ryan Gosling,male,http://www.wikidata.org/entity/Q519490,"Crazy, Stupid, Love.",http://www.wikidata.org/entity/Q1146335,teen film,2011
http://www.wikidata.org/entity/Q3454165,Kevin Bacon,male,http://www.wikidata.org/entity/Q519490,"Crazy, Stupid, Love.",http://www.wikidata.org/entity/Q859369,comedy drama,2011
http://www.wikidata.org/entity/Q3454165,Kevin Bacon,male,http://www.wikidata.org/entity/Q519490,"Crazy, Stupid, Love.",http://www.wikidata.org/entity/Q1146335,teen film,2011
http://www.wikidata.org/entity/Q3454165,Kevin Bacon,male,http://www.wikidata.org/entity/Q519490,"Crazy, Stupid, Love.",http://www.wikidata.org/entity/Q859369,comedy drama,2011
http://www.wikidata.org/entity/Q3454165,Kevin Bacon,male,http://www.wikidata.org/entity/Q519490,"Crazy, Stupid, Love.",http://www.wikidata.org/entity/Q1146335,teen film,2011
http://www.wikidata.org/entity/Q1372187,Geoff Pierson,male,http://www.wikidata.org/entity/Q519619,Atlas Shrugged: Part I,http://www.wikidata.org/entity/Q130232,drama film,2011
http://www.wikidata.org/entity/Q1372187,Geoff Pierson,male,http://www.wikidata.org/entity/Q519619,Atlas Shrugged: Part I,http://www.wikidata.org/entity/Q188473,action film,2011
http://www.wikidata.org/entity/Q228871,Carla Gugino,female,http://www.wikidata.org/entity/Q576242,Faster,http://www.wikidata.org/entity/Q130232,drama film,2011
http://www.wikidata.org/entity/Q228871,Carla Gugino,female,http://www.wikidata.org/entity/Q576242,Faster,http://www.wikidata.org/entity/Q188473,action film,2011
http://www.wikidata.org/entity/Q228871,Carla Gugino,female,http://www.wikidata.org/entity/Q576242,Faster,http://www.wikidata.org/entity/Q2484376,thriller film,2011
http://www.wikidata.org/entity/Q23547,Bryan Cranston,male,http://www.wikidata.org/entity/Q652406,Detachment,http://www.wikidata.org/entity/Q130232,drama film,2011
http://www.wikidata.org/entity/Q220308,Seth Rogen,male,http://www.wikidata.org/entity/Q738152,The Green Hornet,http://www.wikidata.org/entity/Q157394,fantasy film,2011
http://www.wikidata.org/entity/Q220308,Seth Rogen,male,http://www.wikidata.org/entity/Q738152,The Green Hornet,http://www.wikidata.org/entity/Q157443,comedy film,2011
http://www.wikidata.org/entity/Q306403,James Franco,male,http://www.wikidata.org/entity/Q738152,The Green Hornet,http://www.wikidata.org/entity/Q157394,fantasy film,2011
http://www.wikidata.org/entity/Q306403,James Franco,male,http://www.wikidata.org/entity/Q738152,The Green Hornet,http://www.wikidata.org/entity/Q157443,comedy film,2011
http://www.wikidata.org/entity/Q220308,Seth Rogen,male,http://www.wikidata.org/entity/Q738152,The Green Hornet,http://www.wikidata.org/entity/Q188473,action film,2011
http://www.wikidata.org/entity/Q220308,Seth Rogen,male,http://www.wikidata.org/entity/Q738152,The Green Hornet,http://www.wikidata.org/entity/Q959790,crime film,2011
http://www.wikidata.org/entity/Q220308,Seth Rogen,male,http://www.wikidata.org/entity/Q738152,The Green Hornet,http://www.wikidata.org/entity/Q157394,fantasy film,2011
http://www.wikidata.org/entity/Q220308,Seth Rogen,male,http://www.wikidata.org/entity/Q738152,The Green Hornet,http://www.wikidata.org/entity/Q157443,comedy film,2011
http://www.wikidata.org/entity/Q220308,Seth Rogen,male,http://www.wikidata.org/entity/Q738152,The Green Hornet,http://www.wikidata.org/entity/Q188473,action film,2011
http://www.wikidata.org/entity/Q220308,Seth Rogen,male,http://www.wikidata.org/entity/Q738152,The Green Hornet,http://www.wikidata.org/entity/Q959790,crime film,2011
http://www.wikidata.org/entity/Q306403,James Franco,male,http://www.wikidata.org/entity/Q738152,The Green Hornet,http://www.wikidata.org/entity/Q188473,action film,2011
http://www.wikidata.org/entity/Q306403,James Franco,male,http://www.wikidata.org/entity/Q738152,The Green Hornet,http://www.wikidata.org/entity/Q959790,crime film,2011
http://www.wikidata.org/entity/Q306403,James Franco,male,http://www.wikidata.org/entity/Q738152,The Green Hornet,http://www.wikidata.org/entity/Q157394,fantasy film,2011
http://www.wikidata.org/entity/Q306403,James Franco,male,http://www.wikidata.org/entity/Q738152,The Green Hornet,http://www.wikidata.org/entity/Q157443,comedy film,2011
http://www.wikidata.org/entity/Q306403,James Franco,male,http://www.wikidata.org/entity/Q738152,The Green Hornet,http://www.wikidata.org/entity/Q188473,action film,2011
http://www.wikidata.org/entity/Q306403,James Franco,male,http://www.wikidata.org/entity/Q738152,The Green Hornet,http://www.wikidata.org/entity/Q959790,crime film,2011
http://www.wikidata.org/entity/Q161916,Owen Wilson,male,http://www.wikidata.org/entity/Q523197,How Do You Know,http://www.wikidata.org/entity/Q859369,comedy drama,2011
http://www.wikidata.org/entity/Q228871,Carla Gugino,female,http://www.wikidata.org/entity/Q621587,Sucker Punch,http://www.wikidata.org/entity/Q157394,fantasy film,2011
http://www.wikidata.org/entity/Q228871,Carla Gugino,female,http://www.wikidata.org/entity/Q621587,Sucker Punch,http://www.wikidata.org/entity/Q188473,action film,2011
http://www.wikidata.org/entity/Q228871,Carla Gugino,female,http://www.wikidata.org/entity/Q621587,Sucker Punch,http://www.wikidata.org/entity/Q157394,fantasy film,2011
http://www.wikidata.org/entity/Q228871,Carla Gugino,female,http://www.wikidata.org/entity/Q621587,Sucker Punch,http://www.wikidata.org/entity/Q188473,action film,2011
http://www.wikidata.org/entity/Q228871,Carla Gugino,female,http://www.wikidata.org/entity/Q621587,Sucker Punch,http://www.wikidata.org/entity/Q157394,fantasy film,2011
http://www.wikidata.org/entity/Q228871,Carla Gugino,female,http://www.wikidata.org/entity/Q621587,Sucker Punch,http://www.wikidata.org/entity/Q188473,action film,2011
http://www.wikidata.org/entity/Q228871,Carla Gugino,female,http://www.wikidata.org/entity/Q621587,Sucker Punch,http://www.wikidata.org/entity/Q2484376,thriller film,2011
http://www.wikidata.org/entity/Q228871,Carla Gugino,female,http://www.wikidata.org/entity/Q621587,Sucker Punch,http://www.wikidata.org/entity/Q2484376,thriller film,2011
http://www.wikidata.org/entity/Q228871,Carla Gugino,female,http://www.wikidata.org/entity/Q621587,Sucker Punch,http://www.wikidata.org/entity/Q2484376,thriller film,2011
http://www.wikidata.org/entity/Q200355,Olivia Wilde,female,http://www.wikidata.org/entity/Q628082,In Time,http://www.wikidata.org/entity/Q157394,fantasy film,2011
http://www.wikidata.org/entity/Q200355,Olivia Wilde,female,http://www.wikidata.org/entity/Q725578,Cowboys & Aliens,http://www.wikidata.org/entity/Q2484376,thriller film,2011
http://www.wikidata.org/entity/Q200355,Olivia Wilde,female,http://www.wikidata.org/entity/Q725578,Cowboys & Aliens,http://www.wikidata.org/entity/Q188473,action film,2011
http://www.wikidata.org/entity/Q200355,Olivia Wilde,female,http://www.wikidata.org/entity/Q725578,Cowboys & Aliens,http://www.wikidata.org/entity/Q2484376,thriller film,2011
http://www.wikidata.org/entity/Q200355,Olivia Wilde,female,http://www.wikidata.org/entity/Q725578,Cowboys & Aliens,http://www.wikidata.org/entity/Q188473,action film,2011
http://www.wikidata.org/entity/Q200355,Olivia Wilde,female,http://www.wikidata.org/entity/Q725578,Cowboys & Aliens,http://www.wikidata.org/entity/Q2484376,thriller film,2011
http://www.wikidata.org/entity/Q200355,Olivia Wilde,female,http://www.wikidata.org/entity/Q725578,Cowboys & Aliens,http://www.wikidata.org/entity/Q188473,action film,2011
http://www.wikidata.org/entity/Q200355,Olivia Wilde,female,http://www.wikidata.org/entity/Q725578,Cowboys & Aliens,http://www.wikidata.org/entity/Q2484376,thriller film,2011
http://www.wikidata.org/entity/Q200355,Olivia Wilde,female,http://www.wikidata.org/entity/Q725578,Cowboys & Aliens,http://www.wikidata.org/entity/Q188473,action film,2011
http://www.wikidata.org/entity/Q200355,Olivia Wilde,female,http://www.wikidata.org/entity/Q628082,In Time,http://www.wikidata.org/entity/Q188473,action film,2011
http://www.wikidata.org/entity/Q200355,Olivia Wilde,female,http://www.wikidata.org/entity/Q628082,In Time,http://www.wikidata.org/entity/Q959790,crime film,2011
http://www.wikidata.org/entity/Q200355,Olivia Wilde,female,http://www.wikidata.org/entity/Q628082,In Time,http://www.wikidata.org/entity/Q2484376,thriller film,2011
http://www.wikidata.org/entity/Q200355,Olivia Wilde,female,http://www.wikidata.org/entity/Q628082,In Time,http://www.wikidata.org/entity/Q188473,action film,2011
http://www.wikidata.org/entity/Q200355,Olivia Wilde,female,http://www.wikidata.org/entity/Q628082,In Time,http://www.wikidata.org/entity/Q959790,crime film,2011
http://www.wikidata.org/entity/Q200355,Olivia Wilde,female,http://www.wikidata.org/entity/Q628082,In Time,http://www.wikidata.org/entity/Q2484376,thriller film,2011
http://www.wikidata.org/entity/Q200355,Olivia Wilde,female,http://www.wikidata.org/entity/Q628082,In Time,http://www.wikidata.org/entity/Q157394,fantasy film,2011
http://www.wikidata.org/entity/Q200355,Olivia Wilde,female,http://www.wikidata.org/entity/Q628082,In Time,http://www.wikidata.org/entity/Q188473,action film,2011
http://www.wikidata.org/entity/Q200355,Olivia Wilde,female,http://www.wikidata.org/entity/Q628082,In Time,http://www.wikidata.org/entity/Q959790,crime film,2011
http://www.wikidata.org/entity/Q200355,Olivia Wilde,female,http://www.wikidata.org/entity/Q628082,In Time,http://www.wikidata.org/entity/Q2484376,thriller film,2011
http://www.wikidata.org/entity/Q200355,Olivia Wilde,female,http://www.wikidata.org/entity/Q628082,In Time,http://www.wikidata.org/entity/Q157394,fantasy film,2011
http://www.wikidata.org/entity/Q211280,Ray Liotta,male,http://www.wikidata.org/entity/Q666537,Street Kings 2: Motor City,http://www.wikidata.org/entity/Q130232,drama film,2011
http://www.wikidata.org/entity/Q211280,Ray Liotta,male,http://www.wikidata.org/entity/Q666537,Street Kings 2: Motor City,http://www.wikidata.org/entity/Q188473,action film,2011
http://www.wikidata.org/entity/Q2004409,Rance Howard,male,http://www.wikidata.org/entity/Q743730,Rosewood Lane,http://www.wikidata.org/entity/Q200092,horror film,2011
http://www.wikidata.org/entity/Q2004409,Rance Howard,male,http://www.wikidata.org/entity/Q743730,Rosewood Lane,http://www.wikidata.org/entity/Q2484376,thriller film,2011
http://www.wikidata.org/entity/Q228792,Dianna Agron,female,http://www.wikidata.org/entity/Q749102,Burlesque,http://www.wikidata.org/entity/Q130232,drama film,2011
http://www.wikidata.org/entity/Q228792,Dianna Agron,female,http://www.wikidata.org/entity/Q749102,Burlesque,http://www.wikidata.org/entity/Q859369,comedy drama,2011
http://www.wikidata.org/entity/Q193815,Ryan Gosling,male,http://www.wikidata.org/entity/Q676047,Blue Valentine,http://www.wikidata.org/entity/Q130232,drama film,2011
http://www.wikidata.org/entity/Q193815,Ryan Gosling,male,http://www.wikidata.org/entity/Q676047,Blue Valentine,http://www.wikidata.org/entity/Q130232,drama film,2011
http://www.wikidata.org/entity/Q175535,Matt Damon,male,http://www.wikidata.org/entity/Q730888,Contagion,http://www.wikidata.org/entity/Q130232,drama film,2011
http://www.wikidata.org/entity/Q202304,Jason Segel,male,http://www.wikidata.org/entity/Q798797,Bad Teacher,http://www.wikidata.org/entity/Q157443,comedy film,2011
http://www.wikidata.org/entity/Q202304,Jason Segel,male,http://www.wikidata.org/entity/Q798797,Bad Teacher,http://www.wikidata.org/entity/Q157443,comedy film,2011
http://www.wikidata.org/entity/Q23547,Bryan Cranston,male,http://www.wikidata.org/entity/Q730888,Contagion,http://www.wikidata.org/entity/Q130232,drama film,2011
http://www.wikidata.org/entity/Q23547,Bryan Cranston,male,http://www.wikidata.org/entity/Q730888,Contagion,http://www.wikidata.org/entity/Q188473,action film,2011
http://www.wikidata.org/entity/Q175535,Matt Damon,male,http://www.wikidata.org/entity/Q730888,Contagion,http://www.wikidata.org/entity/Q188473,action film,2011
http://www.wikidata.org/entity/Q175535,Matt Damon,male,http://www.wikidata.org/entity/Q730888,Contagion,http://www.wikidata.org/entity/Q2484376,thriller film,2011
http://www.wikidata.org/entity/Q23547,Bryan Cranston,male,http://www.wikidata.org/entity/Q730888,Contagion,http://www.wikidata.org/entity/Q188473,action film,2011
http://www.wikidata.org/entity/Q23547,Bryan Cranston,male,http://www.wikidata.org/entity/Q730888,Contagion,http://www.wikidata.org/entity/Q2484376,thriller film,2011
http://www.wikidata.org/entity/Q454494,Ari Graynor,female,http://www.wikidata.org/entity/Q798776,The Sitter,http://www.wikidata.org/entity/Q157443,comedy film,2011
http://www.wikidata.org/entity/Q175535,Matt Damon,male,http://www.wikidata.org/entity/Q730888,Contagion,http://www.wikidata.org/entity/Q188473,action film,2011
http://www.wikidata.org/entity/Q175535,Matt Damon,male,http://www.wikidata.org/entity/Q730888,Contagion,http://www.wikidata.org/entity/Q2484376,thriller film,2011
http://www.wikidata.org/entity/Q175535,Matt Damon,male,http://www.wikidata.org/entity/Q730888,Contagion,http://www.wikidata.org/entity/Q130232,drama film,2011
http://www.wikidata.org/entity/Q175535,Matt Damon,male,http://www.wikidata.org/entity/Q730888,Contagion,http://www.wikidata.org/entity/Q188473,action film,2011
http://www.wikidata.org/entity/Q175535,Matt Damon,male,http://www.wikidata.org/entity/Q730888,Contagion,http://www.wikidata.org/entity/Q2484376,thriller film,2011
http://www.wikidata.org/entity/Q175535,Matt Damon,male,http://www.wikidata.org/entity/Q730888,Contagion,http://www.wikidata.org/entity/Q130232,drama film,2011
http://www.wikidata.org/entity/Q23547,Bryan Cranston,male,http://www.wikidata.org/entity/Q730888,Contagion,http://www.wikidata.org/entity/Q2484376,thriller film,2011
http://www.wikidata.org/entity/Q23547,Bryan Cranston,male,http://www.wikidata.org/entity/Q730888,Contagion,http://www.wikidata.org/entity/Q130232,drama film,2011
http://www.wikidata.org/entity/Q23547,Bryan Cranston,male,http://www.wikidata.org/entity/Q730888,Contagion,http://www.wikidata.org/entity/Q188473,action film,2011
http://www.wikidata.org/entity/Q23547,Bryan Cranston,male,http://www.wikidata.org/entity/Q730888,Contagion,http://www.wikidata.org/entity/Q2484376,thriller film,2011
http://www.wikidata.org/entity/Q23547,Bryan Cranston,male,http://www.wikidata.org/entity/Q730888,Contagion,http://www.wikidata.org/entity/Q130232,drama film,2011
http://www.wikidata.org/entity/Q442547,Stephen Graham,male,http://www.wikidata.org/entity/Q848391,Season of the Witch,http://www.wikidata.org/entity/Q130232,drama film,2011
http://www.wikidata.org/entity/Q442547,Stephen Graham,male,http://www.wikidata.org/entity/Q848391,Season of the Witch,http://www.wikidata.org/entity/Q157394,fantasy film,2011
http://www.wikidata.org/entity/Q442547,Stephen Graham,male,http://www.wikidata.org/entity/Q848391,Season of the Witch,http://www.wikidata.org/entity/Q188473,action film,2011
http://www.wikidata.org/entity/Q442547,Stephen Graham,male,http://www.wikidata.org/entity/Q848391,Season of the Witch,http://www.wikidata.org/entity/Q2484376,thriller film,2011
http://www.wikidata.org/entity/Q442547,Stephen Graham,male,http://www.wikidata.org/entity/Q848391,Season of the Witch,http://www.wikidata.org/entity/Q130232,drama film,2011
http://www.wikidata.org/entity/Q442547,Stephen Graham,male,http://www.wikidata.org/entity/Q848391,Season of the Witch,http://www.wikidata.org/entity/Q157394,fantasy film,2011
http://www.wikidata.org/entity/Q442547,Stephen Graham,male,http://www.wikidata.org/entity/Q848391,Season of the Witch,http://www.wikidata.org/entity/Q188473,action film,2011
http://www.wikidata.org/entity/Q442547,Stephen Graham,male,http://www.wikidata.org/entity/Q848391,Season of the Witch,http://www.wikidata.org/entity/Q2484376,thriller film,2011
http://www.wikidata.org/entity/Q442547,Stephen Graham,male,http://www.wikidata.org/entity/Q848391,Season of the Witch,http://www.wikidata.org/entity/Q130232,drama film,2011
http://www.wikidata.org/entity/Q442547,Stephen Graham,male,http://www.wikidata.org/entity/Q848391,Season of the Witch,http://www.wikidata.org/entity/Q157394,fantasy film,2011
http://www.wikidata.org/entity/Q442547,Stephen Graham,male,http://www.wikidata.org/entity/Q848391,Season of the Witch,http://www.wikidata.org/entity/Q188473,action film,2011
http://www.wikidata.org/entity/Q442547,Stephen Graham,male,http://www.wikidata.org/entity/Q848391,Season of the Witch,http://www.wikidata.org/entity/Q2484376,thriller film,2011
http://www.wikidata.org/entity/Q202056,Hank Azaria,male,http://www.wikidata.org/entity/Q733722,Love and Other Drugs,http://www.wikidata.org/entity/Q859369,comedy drama,2011
http://www.wikidata.org/entity/Q23547,Bryan Cranston,male,http://www.wikidata.org/entity/Q732960,Drive,http://www.wikidata.org/entity/Q130232,drama film,2011
http://www.wikidata.org/entity/Q23547,Bryan Cranston,male,http://www.wikidata.org/entity/Q732960,Drive,http://www.wikidata.org/entity/Q959790,crime film,2011
http://www.wikidata.org/entity/Q23547,Bryan Cranston,male,http://www.wikidata.org/entity/Q732960,Drive,http://www.wikidata.org/entity/Q130232,drama film,2011
http://www.wikidata.org/entity/Q23547,Bryan Cranston,male,http://www.wikidata.org/entity/Q732960,Drive,http://www.wikidata.org/entity/Q959790,crime film,2011
http://www.wikidata.org/entity/Q193815,Ryan Gosling,male,http://www.wikidata.org/entity/Q732960,Drive,http://www.wikidata.org/entity/Q130232,drama film,2011
http://www.wikidata.org/entity/Q193815,Ryan Gosling,male,http://www.wikidata.org/entity/Q732960,Drive,http://www.wikidata.org/entity/Q959790,crime film,2011
http://www.wikidata.org/entity/Q193815,Ryan Gosling,male,http://www.wikidata.org/entity/Q732960,Drive,http://www.wikidata.org/entity/Q130232,drama film,2011
http://www.wikidata.org/entity/Q193815,Ryan Gosling,male,http://www.wikidata.org/entity/Q732960,Drive,http://www.wikidata.org/entity/Q959790,crime film,2011
http://www.wikidata.org/entity/Q193815,Ryan Gosling,male,http://www.wikidata.org/entity/Q732960,Drive,http://www.wikidata.org/entity/Q130232,drama film,2011
http://www.wikidata.org/entity/Q193815,Ryan Gosling,male,http://www.wikidata.org/entity/Q732960,Drive,http://www.wikidata.org/entity/Q959790,crime film,2011
http://www.wikidata.org/entity/Q23547,Bryan Cranston,male,http://www.wikidata.org/entity/Q732960,Drive,http://www.wikidata.org/entity/Q130232,drama film,2011
http://www.wikidata.org/entity/Q23547,Bryan Cranston,male,http://www.wikidata.org/entity/Q732960,Drive,http://www.wikidata.org/entity/Q959790,crime film,2011
http://www.wikidata.org/entity/Q314133,Anton Yelchin,male,http://www.wikidata.org/entity/Q847940,The Beaver,http://www.wikidata.org/entity/Q130232,drama film,2011
http://www.wikidata.org/entity/Q314133,Anton Yelchin,male,http://www.wikidata.org/entity/Q847940,The Beaver,http://www.wikidata.org/entity/Q157443,comedy film,2011
http://www.wikidata.org/entity/Q314133,Anton Yelchin,male,http://www.wikidata.org/entity/Q847940,The Beaver,http://www.wikidata.org/entity/Q130232,drama film,2011
http://www.wikidata.org/entity/Q314133,Anton Yelchin,male,http://www.wikidata.org/entity/Q847940,The Beaver,http://www.wikidata.org/entity/Q157443,comedy film,2011
http://www.wikidata.org/entity/Q202056,Hank Azaria,male,http://www.wikidata.org/entity/Q753605,Hop,http://www.wikidata.org/entity/Q157394,fantasy film,2011
http://www.wikidata.org/entity/Q202056,Hank Azaria,male,http://www.wikidata.org/entity/Q753605,Hop,http://www.wikidata.org/entity/Q157443,comedy film,2011
http://www.wikidata.org/entity/Q202056,Hank Azaria,male,http://www.wikidata.org/entity/Q753605,Hop,http://www.wikidata.org/entity/Q1146335,teen film,2011
http://www.wikidata.org/entity/Q202056,Hank Azaria,male,http://www.wikidata.org/entity/Q753605,Hop,http://www.wikidata.org/entity/Q157394,fantasy film,2011
http://www.wikidata.org/entity/Q202056,Hank Azaria,male,http://www.wikidata.org/entity/Q753605,Hop,http://www.wikidata.org/entity/Q157443,comedy film,2011
http://www.wikidata.org/entity/Q202056,Hank Azaria,male,http://www.wikidata.org/entity/Q753605,Hop,http://www.wikidata.org/entity/Q1146335,teen film,2011
http://www.wikidata.org/entity/Q202056,Hank Azaria,male,http://www.wikidata.org/entity/Q753605,Hop,http://www.wikidata.org/entity/Q157394,fantasy film,2011
http://www.wikidata.org/entity/Q202056,Hank Azaria,male,http://www.wikidata.org/entity/Q753605,Hop,http://www.wikidata.org/entity/Q157443,comedy film,2011
http://www.wikidata.org/entity/Q202056,Hank Azaria,male,http://www.wikidata.org/entity/Q753605,Hop,http://www.wikidata.org/entity/Q1146335,teen film,2011
http://www.wikidata.org/entity/Q229410,Melissa Leo,female,http://www.wikidata.org/entity/Q850276,Conviction,http://www.wikidata.org/entity/Q130232,drama film,2011
http://www.wikidata.org/entity/Q241749,Bailee Madison,female,http://www.wikidata.org/entity/Q850276,Conviction,http://www.wikidata.org/entity/Q130232,drama film,2011
http://www.wikidata.org/entity/Q454494,Ari Graynor,female,http://www.wikidata.org/entity/Q850276,Conviction,http://www.wikidata.org/entity/Q130232,drama film,2011
http://www.wikidata.org/entity/Q1535860,Marc Macaulay,male,http://www.wikidata.org/entity/Q850276,Conviction,http://www.wikidata.org/entity/Q130232,drama film,2011
http://www.wikidata.org/entity/Q202056,Hank Azaria,male,http://www.wikidata.org/entity/Q753605,Hop,http://www.wikidata.org/entity/Q1361932,family film,2011
http://www.wikidata.org/entity/Q202056,Hank Azaria,male,http://www.wikidata.org/entity/Q753605,Hop,http://www.wikidata.org/entity/Q1361932,family film,2011
http://www.wikidata.org/entity/Q202056,Hank Azaria,male,http://www.wikidata.org/entity/Q753605,Hop,http://www.wikidata.org/entity/Q1361932,family film,2011
http://www.wikidata.org/entity/Q193815,Ryan Gosling,male,http://www.wikidata.org/entity/Q732960,Drive,http://www.wikidata.org/entity/Q2484376,thriller film,2011
http://www.wikidata.org/entity/Q193815,Ryan Gosling,male,http://www.wikidata.org/entity/Q732960,Drive,http://www.wikidata.org/entity/Q2484376,thriller film,2011
http://www.wikidata.org/entity/Q193815,Ryan Gosling,male,http://www.wikidata.org/entity/Q732960,Drive,http://www.wikidata.org/entity/Q2484376,thriller film,2011
http://www.wikidata.org/entity/Q23547,Bryan Cranston,male,http://www.wikidata.org/entity/Q732960,Drive,http://www.wikidata.org/entity/Q2484376,thriller film,2011
http://www.wikidata.org/entity/Q23547,Bryan Cranston,male,http://www.wikidata.org/entity/Q732960,Drive,http://www.wikidata.org/entity/Q2484376,thriller film,2011
http://www.wikidata.org/entity/Q23547,Bryan Cranston,male,http://www.wikidata.org/entity/Q732960,Drive,http://www.wikidata.org/entity/Q2484376,thriller film,2011
http://www.wikidata.org/entity/Q223830,Danny Trejo,male,http://www.wikidata.org/entity/Q765781,House of the Rising Sun,http://www.wikidata.org/entity/Q188473,action film,2011
http://www.wikidata.org/entity/Q223830,Danny Trejo,male,http://www.wikidata.org/entity/Q765781,House of the Rising Sun,http://www.wikidata.org/entity/Q959790,crime film,2011
http://www.wikidata.org/entity/Q223830,Danny Trejo,male,http://www.wikidata.org/entity/Q765781,House of the Rising Sun,http://www.wikidata.org/entity/Q2484376,thriller film,2011
http://www.wikidata.org/entity/Q2680,Bruce Willis,male,http://www.wikidata.org/entity/Q859019,Catch .44,http://www.wikidata.org/entity/Q130232,drama film,2011
http://www.wikidata.org/entity/Q2680,Bruce Willis,male,http://www.wikidata.org/entity/Q859019,Catch .44,http://www.wikidata.org/entity/Q188473,action film,2011
http://www.wikidata.org/entity/Q440910,Ken Jeong,male,http://www.wikidata.org/entity/Q859045,"Big Mommas: Like Father, Like Son",http://www.wikidata.org/entity/Q157443,comedy film,2011
http://www.wikidata.org/entity/Q440910,Ken Jeong,male,http://www.wikidata.org/entity/Q859045,"Big Mommas: Like Father, Like Son",http://www.wikidata.org/entity/Q157443,comedy film,2011
http://www.wikidata.org/entity/Q440910,Ken Jeong,male,http://www.wikidata.org/entity/Q859045,"Big Mommas: Like Father, Like Son",http://www.wikidata.org/entity/Q157443,comedy film,2011
http://www.wikidata.org/entity/Q220308,Seth Rogen,male,http://www.wikidata.org/entity/Q859448,50/50,http://www.wikidata.org/entity/Q130232,drama film,2011
http://www.wikidata.org/entity/Q220308,Seth Rogen,male,http://www.wikidata.org/entity/Q859448,50/50,http://www.wikidata.org/entity/Q157443,comedy film,2011
http://www.wikidata.org/entity/Q229313,Jessica Chastain,female,http://www.wikidata.org/entity/Q762877,Take Shelter,http://www.wikidata.org/entity/Q130232,drama film,2011
http://www.wikidata.org/entity/Q229313,Jessica Chastain,female,http://www.wikidata.org/entity/Q762877,Take Shelter,http://www.wikidata.org/entity/Q130232,drama film,2011
http://www.wikidata.org/entity/Q229313,Jessica Chastain,female,http://www.wikidata.org/entity/Q762877,Take Shelter,http://www.wikidata.org/entity/Q130232,drama film,2011
http://www.wikidata.org/entity/Q229313,Jessica Chastain,female,http://www.wikidata.org/entity/Q762877,Take Shelter,http://www.wikidata.org/entity/Q130232,drama film,2011
http://www.wikidata.org/entity/Q2073496,Ray McKinnon,male,http://www.wikidata.org/entity/Q762877,Take Shelter,http://www.wikidata.org/entity/Q130232,drama film,2011
http://www.wikidata.org/entity/Q2073496,Ray McKinnon,male,http://www.wikidata.org/entity/Q762877,Take Shelter,http://www.wikidata.org/entity/Q130232,drama film,2011
http://www.wikidata.org/entity/Q2073496,Ray McKinnon,male,http://www.wikidata.org/entity/Q762877,Take Shelter,http://www.wikidata.org/entity/Q130232,drama film,2011
http://www.wikidata.org/entity/Q2073496,Ray McKinnon,male,http://www.wikidata.org/entity/Q762877,Take Shelter,http://www.wikidata.org/entity/Q130232,drama film,2011
http://www.wikidata.org/entity/Q41449,Michael Shannon,male,http://www.wikidata.org/entity/Q762877,Take Shelter,http://www.wikidata.org/entity/Q130232,drama film,2011
http://www.wikidata.org/entity/Q41449,Michael Shannon,male,http://www.wikidata.org/entity/Q762877,Take Shelter,http://www.wikidata.org/entity/Q130232,drama film,2011
http://www.wikidata.org/entity/Q41449,Michael Shannon,male,http://www.wikidata.org/entity/Q762877,Take Shelter,http://www.wikidata.org/entity/Q130232,drama film,2011
http://www.wikidata.org/entity/Q41449,Michael Shannon,male,http://www.wikidata.org/entity/Q762877,Take Shelter,http://www.wikidata.org/entity/Q130232,drama film,2011
http://www.wikidata.org/entity/Q313043,Richard Jenkins,male,http://www.wikidata.org/entity/Q830376,The Rum Diary,http://www.wikidata.org/entity/Q130232,drama film,2011
http://www.wikidata.org/entity/Q313043,Richard Jenkins,male,http://www.wikidata.org/entity/Q830376,The Rum Diary,http://www.wikidata.org/entity/Q157443,comedy film,2011
http://www.wikidata.org/entity/Q308722,James Gandolfini,male,http://www.wikidata.org/entity/Q918769,Extremely Loud and Incredibly Close,http://www.wikidata.org/entity/Q130232,drama film,2011
http://www.wikidata.org/entity/Q359488,Michael Peña,male,http://www.wikidata.org/entity/Q868177,Battle: Los Angeles,http://www.wikidata.org/entity/Q188473,action film,2011
http://www.wikidata.org/entity/Q359488,Michael Peña,male,http://www.wikidata.org/entity/Q868177,Battle: Los Angeles,http://www.wikidata.org/entity/Q369747,war film,2011
http://www.wikidata.org/entity/Q359488,Michael Peña,male,http://www.wikidata.org/entity/Q868177,Battle: Los Angeles,http://www.wikidata.org/entity/Q188473,action film,2011
http://www.wikidata.org/entity/Q359488,Michael Peña,male,http://www.wikidata.org/entity/Q868177,Battle: Los Angeles,http://www.wikidata.org/entity/Q369747,war film,2011
http://www.wikidata.org/entity/Q359488,Michael Peña,male,http://www.wikidata.org/entity/Q868177,Battle: Los Angeles,http://www.wikidata.org/entity/Q188473,action film,2011
http://www.wikidata.org/entity/Q359488,Michael Peña,male,http://www.wikidata.org/entity/Q868177,Battle: Los Angeles,http://www.wikidata.org/entity/Q369747,war film,2011
http://www.wikidata.org/entity/Q241749,Bailee Madison,female,http://www.wikidata.org/entity/Q948635,Brothers,http://www.wikidata.org/entity/Q130232,drama film,2011
http://www.wikidata.org/entity/Q241749,Bailee Madison,female,http://www.wikidata.org/entity/Q948635,Brothers,http://www.wikidata.org/entity/Q369747,war film,2011
http://www.wikidata.org/entity/Q241749,Bailee Madison,female,http://www.wikidata.org/entity/Q948635,Brothers,http://www.wikidata.org/entity/Q2484376,thriller film,2011
http://www.wikidata.org/entity/Q37876,Natalie Portman,female,http://www.wikidata.org/entity/Q948635,Brothers,http://www.wikidata.org/entity/Q369747,war film,2011
http://www.wikidata.org/entity/Q37876,Natalie Portman,female,http://www.wikidata.org/entity/Q948635,Brothers,http://www.wikidata.org/entity/Q2484376,thriller film,2011
http://www.wikidata.org/entity/Q175535,Matt Damon,male,http://www.wikidata.org/entity/Q866694,Margaret,http://www.wikidata.org/entity/Q130232,drama film,2011
http://www.wikidata.org/entity/Q37876,Natalie Portman,female,http://www.wikidata.org/entity/Q948635,Brothers,http://www.wikidata.org/entity/Q130232,drama film,2011
http://www.wikidata.org/entity/Q175535,Matt Damon,male,http://www.wikidata.org/entity/Q956681,We Bought a Zoo,http://www.wikidata.org/entity/Q130232,drama film,2011
http://www.wikidata.org/entity/Q191084,Val Kilmer,male,http://www.wikidata.org/entity/Q1004440,Kill the Irishman,http://www.wikidata.org/entity/Q188473,action film,2011
http://www.wikidata.org/entity/Q191084,Val Kilmer,male,http://www.wikidata.org/entity/Q1004440,Kill the Irishman,http://www.wikidata.org/entity/Q2484376,thriller film,2011
http://www.wikidata.org/entity/Q296822,Vinnie Jones,male,http://www.wikidata.org/entity/Q1004440,Kill the Irishman,http://www.wikidata.org/entity/Q188473,action film,2011
http://www.wikidata.org/entity/Q296822,Vinnie Jones,male,http://www.wikidata.org/entity/Q1004440,Kill the Irishman,http://www.wikidata.org/entity/Q2484376,thriller film,2011
http://www.wikidata.org/entity/Q191084,Val Kilmer,male,http://www.wikidata.org/entity/Q1004440,Kill the Irishman,http://www.wikidata.org/entity/Q130232,drama film,2011
http://www.wikidata.org/entity/Q296822,Vinnie Jones,male,http://www.wikidata.org/entity/Q1004440,Kill the Irishman,http://www.wikidata.org/entity/Q130232,drama film,2011
http://www.wikidata.org/entity/Q359488,Michael Peña,male,http://www.wikidata.org/entity/Q778979,Tower Heist,http://www.wikidata.org/entity/Q157443,comedy film,2011
http://www.wikidata.org/entity/Q359488,Michael Peña,male,http://www.wikidata.org/entity/Q778979,Tower Heist,http://www.wikidata.org/entity/Q157443,comedy film,2011
http://www.wikidata.org/entity/Q441913,James Remar,male,http://www.wikidata.org/entity/Q778970,Setup,http://www.wikidata.org/entity/Q130232,drama film,2011
http://www.wikidata.org/entity/Q441913,James Remar,male,http://www.wikidata.org/entity/Q778970,Setup,http://www.wikidata.org/entity/Q188473,action film,2011
http://www.wikidata.org/entity/Q2680,Bruce Willis,male,http://www.wikidata.org/entity/Q778970,Setup,http://www.wikidata.org/entity/Q130232,drama film,2011
http://www.wikidata.org/entity/Q2680,Bruce Willis,male,http://www.wikidata.org/entity/Q778970,Setup,http://www.wikidata.org/entity/Q188473,action film,2011
http://www.wikidata.org/entity/Q205435,Billy Zane,male,http://www.wikidata.org/entity/Q933116,The Roommate,http://www.wikidata.org/entity/Q130232,drama film,2011
http://www.wikidata.org/entity/Q205435,Billy Zane,male,http://www.wikidata.org/entity/Q933116,The Roommate,http://www.wikidata.org/entity/Q200092,horror film,2011
http://www.wikidata.org/entity/Q205435,Billy Zane,male,http://www.wikidata.org/entity/Q933116,The Roommate,http://www.wikidata.org/entity/Q2484376,thriller film,2011
http://www.wikidata.org/entity/Q200355,Olivia Wilde,female,http://www.wikidata.org/entity/Q1018042,Butter,http://www.wikidata.org/entity/Q157443,comedy film,2011
http://www.wikidata.org/entity/Q1198697,Pruitt Taylor Vince,male,http://www.wikidata.org/entity/Q1018042,Butter,http://www.wikidata.org/entity/Q157443,comedy film,2011
http://www.wikidata.org/entity/Q205435,Billy Zane,male,http://www.wikidata.org/entity/Q933116,The Roommate,http://www.wikidata.org/entity/Q130232,drama film,2011
http://www.wikidata.org/entity/Q205435,Billy Zane,male,http://www.wikidata.org/entity/Q933116,The Roommate,http://www.wikidata.org/entity/Q200092,horror film,2011
http://www.wikidata.org/entity/Q205435,Billy Zane,male,http://www.wikidata.org/entity/Q933116,The Roommate,http://www.wikidata.org/entity/Q2484376,thriller film,2011
http://www.wikidata.org/entity/Q2004409,Rance Howard,male,http://www.wikidata.org/entity/Q1026756,Beverly Hills Chihuahua 2,http://www.wikidata.org/entity/Q157443,comedy film,2011
http://www.wikidata.org/entity/Q2004409,Rance Howard,male,http://www.wikidata.org/entity/Q1026756,Beverly Hills Chihuahua 2,http://www.wikidata.org/entity/Q157443,comedy film,2011
http://www.wikidata.org/entity/Q483907,Jack Black,male,http://www.wikidata.org/entity/Q1029212,Bernie,http://www.wikidata.org/entity/Q130232,drama film,2011
http://www.wikidata.org/entity/Q483907,Jack Black,male,http://www.wikidata.org/entity/Q1029212,Bernie,http://www.wikidata.org/entity/Q157443,comedy film,2011
http://www.wikidata.org/entity/Q483907,Jack Black,male,http://www.wikidata.org/entity/Q1029212,Bernie,http://www.wikidata.org/entity/Q959790,crime film,2011
http://www.wikidata.org/entity/Q229410,Melissa Leo,female,http://www.wikidata.org/entity/Q1156495,Welcome to the Rileys,http://www.wikidata.org/entity/Q130232,drama film,2011
http://www.wikidata.org/entity/Q308722,James Gandolfini,male,http://www.wikidata.org/entity/Q1156495,Welcome to the Rileys,http://www.wikidata.org/entity/Q130232,drama film,2011
http://www.wikidata.org/entity/Q313043,Richard Jenkins,male,http://www.wikidata.org/entity/Q1050720,Happythankyoumoreplease,http://www.wikidata.org/entity/Q130232,drama film,2011
http://www.wikidata.org/entity/Q229313,Jessica Chastain,female,http://www.wikidata.org/entity/Q1132978,Coriolanus,http://www.wikidata.org/entity/Q130232,drama film,2011
http://www.wikidata.org/entity/Q229313,Jessica Chastain,female,http://www.wikidata.org/entity/Q1132978,Coriolanus,http://www.wikidata.org/entity/Q369747,war film,2011
http://www.wikidata.org/entity/Q34975,Brian Cox,male,http://www.wikidata.org/entity/Q1132978,Coriolanus,http://www.wikidata.org/entity/Q130232,drama film,2011
http://www.wikidata.org/entity/Q34975,Brian Cox,male,http://www.wikidata.org/entity/Q1132978,Coriolanus,http://www.wikidata.org/entity/Q369747,war film,2011
http://www.wikidata.org/entity/Q229313,Jessica Chastain,female,http://www.wikidata.org/entity/Q1132978,Coriolanus,http://www.wikidata.org/entity/Q2484376,thriller film,2011
http://www.wikidata.org/entity/Q34975,Brian Cox,male,http://www.wikidata.org/entity/Q1132978,Coriolanus,http://www.wikidata.org/entity/Q2484376,thriller film,2011
http://www.wikidata.org/entity/Q235707,Kellan Lutz,male,http://www.wikidata.org/entity/Q1050528,Immortals,http://www.wikidata.org/entity/Q157394,fantasy film,2011
http://www.wikidata.org/entity/Q235707,Kellan Lutz,male,http://www.wikidata.org/entity/Q1050528,Immortals,http://www.wikidata.org/entity/Q188473,action film,2011
http://www.wikidata.org/entity/Q235707,Kellan Lutz,male,http://www.wikidata.org/entity/Q1050528,Immortals,http://www.wikidata.org/entity/Q319221,adventure film,2011
http://www.wikidata.org/entity/Q235707,Kellan Lutz,male,http://www.wikidata.org/entity/Q1050528,Immortals,http://www.wikidata.org/entity/Q157394,fantasy film,2011
http://www.wikidata.org/entity/Q235707,Kellan Lutz,male,http://www.wikidata.org/entity/Q1050528,Immortals,http://www.wikidata.org/entity/Q188473,action film,2011
http://www.wikidata.org/entity/Q235707,Kellan Lutz,male,http://www.wikidata.org/entity/Q1050528,Immortals,http://www.wikidata.org/entity/Q319221,adventure film,2011
http://www.wikidata.org/entity/Q2073496,Ray McKinnon,male,http://www.wikidata.org/entity/Q1197869,Footloose,http://www.wikidata.org/entity/Q859369,comedy drama,2011
http://www.wikidata.org/entity/Q2073496,Ray McKinnon,male,http://www.wikidata.org/entity/Q1197869,Footloose,http://www.wikidata.org/entity/Q1146335,teen film,2011
http://www.wikidata.org/entity/Q2073496,Ray McKinnon,male,http://www.wikidata.org/entity/Q1197869,Footloose,http://www.wikidata.org/entity/Q130232,drama film,2011
http://www.wikidata.org/entity/Q2073496,Ray McKinnon,male,http://www.wikidata.org/entity/Q1197869,Footloose,http://www.wikidata.org/entity/Q859369,comedy drama,2011
http://www.wikidata.org/entity/Q2073496,Ray McKinnon,male,http://www.wikidata.org/entity/Q1197869,Footloose,http://www.wikidata.org/entity/Q1146335,teen film,2011
http://www.wikidata.org/entity/Q2073496,Ray McKinnon,male,http://www.wikidata.org/entity/Q1197869,Footloose,http://www.wikidata.org/entity/Q130232,drama film,2011
http://www.wikidata.org/entity/Q2073496,Ray McKinnon,male,http://www.wikidata.org/entity/Q1197869,Footloose,http://www.wikidata.org/entity/Q859369,comedy drama,2011
http://www.wikidata.org/entity/Q2073496,Ray McKinnon,male,http://www.wikidata.org/entity/Q1197869,Footloose,http://www.wikidata.org/entity/Q1146335,teen film,2011
http://www.wikidata.org/entity/Q2073496,Ray McKinnon,male,http://www.wikidata.org/entity/Q1197869,Footloose,http://www.wikidata.org/entity/Q130232,drama film,2011
http://www.wikidata.org/entity/Q235707,Kellan Lutz,male,http://www.wikidata.org/entity/Q1050528,Immortals,http://www.wikidata.org/entity/Q130232,drama film,2011
http://www.wikidata.org/entity/Q235707,Kellan Lutz,male,http://www.wikidata.org/entity/Q1050528,Immortals,http://www.wikidata.org/entity/Q130232,drama film,2011
http://www.wikidata.org/entity/Q464320,Stephen Root,male,http://www.wikidata.org/entity/Q1137236,J. Edgar,http://www.wikidata.org/entity/Q130232,drama film,2011
http://www.wikidata.org/entity/Q1372187,Geoff Pierson,male,http://www.wikidata.org/entity/Q1137236,J. Edgar,http://www.wikidata.org/entity/Q130232,drama film,2011
http://www.wikidata.org/entity/Q212064,Channing Tatum,male,http://www.wikidata.org/entity/Q1210206,The Dilemma,http://www.wikidata.org/entity/Q157443,comedy film,2011
http://www.wikidata.org/entity/Q212064,Channing Tatum,male,http://www.wikidata.org/entity/Q1210206,The Dilemma,http://www.wikidata.org/entity/Q859369,comedy drama,2011
http://www.wikidata.org/entity/Q212064,Channing Tatum,male,http://www.wikidata.org/entity/Q1210206,The Dilemma,http://www.wikidata.org/entity/Q157443,comedy film,2011
http://www.wikidata.org/entity/Q212064,Channing Tatum,male,http://www.wikidata.org/entity/Q1210206,The Dilemma,http://www.wikidata.org/entity/Q859369,comedy drama,2011
http://www.wikidata.org/entity/Q2004409,Rance Howard,male,http://www.wikidata.org/entity/Q1210206,The Dilemma,http://www.wikidata.org/entity/Q157443,comedy film,2011
http://www.wikidata.org/entity/Q2004409,Rance Howard,male,http://www.wikidata.org/entity/Q1210206,The Dilemma,http://www.wikidata.org/entity/Q859369,comedy drama,2011
http://www.wikidata.org/entity/Q2004409,Rance Howard,male,http://www.wikidata.org/entity/Q1210206,The Dilemma,http://www.wikidata.org/entity/Q157443,comedy film,2011
http://www.wikidata.org/entity/Q2004409,Rance Howard,male,http://www.wikidata.org/entity/Q1210206,The Dilemma,http://www.wikidata.org/entity/Q859369,comedy drama,2011
http://www.wikidata.org/entity/Q235511,Taraji P. Henson,female,http://www.wikidata.org/entity/Q1060484,The Good Doctor,http://www.wikidata.org/entity/Q130232,drama film,2011
http://www.wikidata.org/entity/Q359488,Michael Peña,male,http://www.wikidata.org/entity/Q1060484,The Good Doctor,http://www.wikidata.org/entity/Q130232,drama film,2011
http://www.wikidata.org/entity/Q229410,Melissa Leo,female,http://www.wikidata.org/entity/Q1255499,Red State,http://www.wikidata.org/entity/Q130232,drama film,2011
http://www.wikidata.org/entity/Q229410,Melissa Leo,female,http://www.wikidata.org/entity/Q1255499,Red State,http://www.wikidata.org/entity/Q188473,action film,2011
http://www.wikidata.org/entity/Q464320,Stephen Root,male,http://www.wikidata.org/entity/Q1255499,Red State,http://www.wikidata.org/entity/Q130232,drama film,2011
http://www.wikidata.org/entity/Q235511,Taraji P. Henson,female,http://www.wikidata.org/entity/Q1060484,The Good Doctor,http://www.wikidata.org/entity/Q2484376,thriller film,2011
http://www.wikidata.org/entity/Q359488,Michael Peña,male,http://www.wikidata.org/entity/Q1060484,The Good Doctor,http://www.wikidata.org/entity/Q2484376,thriller film,2011
http://www.wikidata.org/entity/Q229410,Melissa Leo,female,http://www.wikidata.org/entity/Q1255499,Red State,http://www.wikidata.org/entity/Q200092,horror film,2011
http://www.wikidata.org/entity/Q464320,Stephen Root,male,http://www.wikidata.org/entity/Q1255499,Red State,http://www.wikidata.org/entity/Q188473,action film,2011
http://www.wikidata.org/entity/Q464320,Stephen Root,male,http://www.wikidata.org/entity/Q1255499,Red State,http://www.wikidata.org/entity/Q200092,horror film,2011
http://www.wikidata.org/entity/Q2073496,Ray McKinnon,male,http://www.wikidata.org/entity/Q1064885,Dolphin Tale,http://www.wikidata.org/entity/Q130232,drama film,2011
http://www.wikidata.org/entity/Q2073496,Ray McKinnon,male,http://www.wikidata.org/entity/Q1064885,Dolphin Tale,http://www.wikidata.org/entity/Q130232,drama film,2011
http://www.wikidata.org/entity/Q272972,Robin Wright,female,http://www.wikidata.org/entity/Q1214605,The Conspirator,http://www.wikidata.org/entity/Q130232,drama film,2011
http://www.wikidata.org/entity/Q464320,Stephen Root,male,http://www.wikidata.org/entity/Q1214605,The Conspirator,http://www.wikidata.org/entity/Q130232,drama film,2011
http://www.wikidata.org/entity/Q1198697,Pruitt Taylor Vince,male,http://www.wikidata.org/entity/Q1259409,Drive Angry,http://www.wikidata.org/entity/Q157394,fantasy film,2011
http://www.wikidata.org/entity/Q1198697,Pruitt Taylor Vince,male,http://www.wikidata.org/entity/Q1259409,Drive Angry,http://www.wikidata.org/entity/Q188473,action film,2011
http://www.wikidata.org/entity/Q1198697,Pruitt Taylor Vince,male,http://www.wikidata.org/entity/Q1259409,Drive Angry,http://www.wikidata.org/entity/Q157394,fantasy film,2011
http://www.wikidata.org/entity/Q1198697,Pruitt Taylor Vince,male,http://www.wikidata.org/entity/Q1259409,Drive Angry,http://www.wikidata.org/entity/Q188473,action film,2011
http://www.wikidata.org/entity/Q1535860,Marc Macaulay,male,http://www.wikidata.org/entity/Q1259409,Drive Angry,http://www.wikidata.org/entity/Q157394,fantasy film,2011
http://www.wikidata.org/entity/Q1535860,Marc Macaulay,male,http://www.wikidata.org/entity/Q1259409,Drive Angry,http://www.wikidata.org/entity/Q188473,action film,2011
http://www.wikidata.org/entity/Q1535860,Marc Macaulay,male,http://www.wikidata.org/entity/Q1259409,Drive Angry,http://www.wikidata.org/entity/Q157394,fantasy film,2011
http://www.wikidata.org/entity/Q1535860,Marc Macaulay,male,http://www.wikidata.org/entity/Q1259409,Drive Angry,http://www.wikidata.org/entity/Q188473,action film,2011
http://www.wikidata.org/entity/Q34975,Brian Cox,male,http://www.wikidata.org/entity/Q1150930,Ironclad,http://www.wikidata.org/entity/Q369747,war film,2011
http://www.wikidata.org/entity/Q34975,Brian Cox,male,http://www.wikidata.org/entity/Q1150930,Ironclad,http://www.wikidata.org/entity/Q369747,war film,2011
http://www.wikidata.org/entity/Q34975,Brian Cox,male,http://www.wikidata.org/entity/Q1150930,Ironclad,http://www.wikidata.org/entity/Q369747,war film,2011
http://www.wikidata.org/entity/Q34975,Brian Cox,male,http://www.wikidata.org/entity/Q1150930,Ironclad,http://www.wikidata.org/entity/Q319221,adventure film,2011
http://www.wikidata.org/entity/Q34975,Brian Cox,male,http://www.wikidata.org/entity/Q1150930,Ironclad,http://www.wikidata.org/entity/Q130232,drama film,2011
http://www.wikidata.org/entity/Q34975,Brian Cox,male,http://www.wikidata.org/entity/Q1150930,Ironclad,http://www.wikidata.org/entity/Q188473,action film,2011
http://www.wikidata.org/entity/Q34975,Brian Cox,male,http://www.wikidata.org/entity/Q1150930,Ironclad,http://www.wikidata.org/entity/Q319221,adventure film,2011
http://www.wikidata.org/entity/Q34975,Brian Cox,male,http://www.wikidata.org/entity/Q1150930,Ironclad,http://www.wikidata.org/entity/Q130232,drama film,2011
http://www.wikidata.org/entity/Q34975,Brian Cox,male,http://www.wikidata.org/entity/Q1150930,Ironclad,http://www.wikidata.org/entity/Q188473,action film,2011
http://www.wikidata.org/entity/Q34975,Brian Cox,male,http://www.wikidata.org/entity/Q1150930,Ironclad,http://www.wikidata.org/entity/Q319221,adventure film,2011
http://www.wikidata.org/entity/Q34975,Brian Cox,male,http://www.wikidata.org/entity/Q1150930,Ironclad,http://www.wikidata.org/entity/Q130232,drama film,2011
http://www.wikidata.org/entity/Q34975,Brian Cox,male,http://www.wikidata.org/entity/Q1150930,Ironclad,http://www.wikidata.org/entity/Q188473,action film,2011
http://www.wikidata.org/entity/Q161916,Owen Wilson,male,http://www.wikidata.org/entity/Q1304692,The Big Year,http://www.wikidata.org/entity/Q157443,comedy film,2011
http://www.wikidata.org/entity/Q161916,Owen Wilson,male,http://www.wikidata.org/entity/Q1304692,The Big Year,http://www.wikidata.org/entity/Q157443,comedy film,2011
http://www.wikidata.org/entity/Q483907,Jack Black,male,http://www.wikidata.org/entity/Q1304692,The Big Year,http://www.wikidata.org/entity/Q157443,comedy film,2011
http://www.wikidata.org/entity/Q483907,Jack Black,male,http://www.wikidata.org/entity/Q1304692,The Big Year,http://www.wikidata.org/entity/Q157443,comedy film,2011
http://www.wikidata.org/entity/Q540608,Rashida Jones,female,http://www.wikidata.org/entity/Q1304692,The Big Year,http://www.wikidata.org/entity/Q157443,comedy film,2011
http://www.wikidata.org/entity/Q540608,Rashida Jones,female,http://www.wikidata.org/entity/Q1304692,The Big Year,http://www.wikidata.org/entity/Q157443,comedy film,2011
http://www.wikidata.org/entity/Q229313,Jessica Chastain,female,http://www.wikidata.org/entity/Q1306837,The Debt,http://www.wikidata.org/entity/Q130232,drama film,2011
http://www.wikidata.org/entity/Q219373,Elizabeth Banks,female,http://www.wikidata.org/entity/Q1372081,Our Idiot Brother,http://www.wikidata.org/entity/Q130232,drama film,2011
http://www.wikidata.org/entity/Q219373,Elizabeth Banks,female,http://www.wikidata.org/entity/Q1372081,Our Idiot Brother,http://www.wikidata.org/entity/Q157443,comedy film,2011
http://www.wikidata.org/entity/Q540608,Rashida Jones,female,http://www.wikidata.org/entity/Q1372081,Our Idiot Brother,http://www.wikidata.org/entity/Q130232,drama film,2011
http://www.wikidata.org/entity/Q540608,Rashida Jones,female,http://www.wikidata.org/entity/Q1372081,Our Idiot Brother,http://www.wikidata.org/entity/Q157443,comedy film,2011
http://www.wikidata.org/entity/Q1372187,Geoff Pierson,male,http://www.wikidata.org/entity/Q1505923,Jack and Jill,http://www.wikidata.org/entity/Q157443,comedy film,2011
http://www.wikidata.org/entity/Q202304,Jason Segel,male,http://www.wikidata.org/entity/Q1320997,Gulliver's Travels,http://www.wikidata.org/entity/Q157394,fantasy film,2011
http://www.wikidata.org/entity/Q202304,Jason Segel,male,http://www.wikidata.org/entity/Q1320997,Gulliver's Travels,http://www.wikidata.org/entity/Q157443,comedy film,2011
http://www.wikidata.org/entity/Q202304,Jason Segel,male,http://www.wikidata.org/entity/Q1320997,Gulliver's Travels,http://www.wikidata.org/entity/Q157394,fantasy film,2011
http://www.wikidata.org/entity/Q483907,Jack Black,male,http://www.wikidata.org/entity/Q1320997,Gulliver's Travels,http://www.wikidata.org/entity/Q157394,fantasy film,2011
http://www.wikidata.org/entity/Q483907,Jack Black,male,http://www.wikidata.org/entity/Q1320997,Gulliver's Travels,http://www.wikidata.org/entity/Q157443,comedy film,2011
http://www.wikidata.org/entity/Q202304,Jason Segel,male,http://www.wikidata.org/entity/Q1320997,Gulliver's Travels,http://www.wikidata.org/entity/Q157443,comedy film,2011
http://www.wikidata.org/entity/Q483907,Jack Black,male,http://www.wikidata.org/entity/Q1320997,Gulliver's Travels,http://www.wikidata.org/entity/Q157394,fantasy film,2011
http://www.wikidata.org/entity/Q483907,Jack Black,male,http://www.wikidata.org/entity/Q1320997,Gulliver's Travels,http://www.wikidata.org/entity/Q157443,comedy film,2011
http://www.wikidata.org/entity/Q1372187,Geoff Pierson,male,http://www.wikidata.org/entity/Q1533597,God Bless America,http://www.wikidata.org/entity/Q959790,crime film,2011
http://www.wikidata.org/entity/Q1372187,Geoff Pierson,male,http://www.wikidata.org/entity/Q1533597,God Bless America,http://www.wikidata.org/entity/Q130232,drama film,2011
http://www.wikidata.org/entity/Q1372187,Geoff Pierson,male,http://www.wikidata.org/entity/Q1533597,God Bless America,http://www.wikidata.org/entity/Q157443,comedy film,2011
http://www.wikidata.org/entity/Q200355,Olivia Wilde,female,http://www.wikidata.org/entity/Q1574364,The Change-Up,http://www.wikidata.org/entity/Q157443,comedy film,2011
http://www.wikidata.org/entity/Q200355,Olivia Wilde,female,http://www.wikidata.org/entity/Q1574364,The Change-Up,http://www.wikidata.org/entity/Q157443,comedy film,2011
http://www.wikidata.org/entity/Q306403,James Franco,male,http://www.wikidata.org/entity/Q1415029,Your Highness,http://www.wikidata.org/entity/Q157394,fantasy film,2011
http://www.wikidata.org/entity/Q306403,James Franco,male,http://www.wikidata.org/entity/Q1415029,Your Highness,http://www.wikidata.org/entity/Q157443,comedy film,2011
http://www.wikidata.org/entity/Q37876,Natalie Portman,female,http://www.wikidata.org/entity/Q1415029,Your Highness,http://www.wikidata.org/entity/Q157394,fantasy film,2011
http://www.wikidata.org/entity/Q37876,Natalie Portman,female,http://www.wikidata.org/entity/Q1415029,Your Highness,http://www.wikidata.org/entity/Q157443,comedy film,2011
http://www.wikidata.org/entity/Q2073496,Ray McKinnon,male,http://www.wikidata.org/entity/Q1617244,Hick,http://www.wikidata.org/entity/Q130232,drama film,2011
http://www.wikidata.org/entity/Q2073496,Ray McKinnon,male,http://www.wikidata.org/entity/Q1617244,Hick,http://www.wikidata.org/entity/Q859369,comedy drama,2011
http://www.wikidata.org/entity/Q272972,Robin Wright,female,http://www.wikidata.org/entity/Q1552765,I'm Still Here,http://www.wikidata.org/entity/Q157443,comedy film,2011
http://www.wikidata.org/entity/Q37876,Natalie Portman,female,http://www.wikidata.org/entity/Q1552765,I'm Still Here,http://www.wikidata.org/entity/Q157443,comedy film,2011
http://www.wikidata.org/entity/Q234434,Juno Temple,female,http://www.wikidata.org/entity/Q1720855,Kaboom,http://www.wikidata.org/entity/Q157394,fantasy film,2011
http://www.wikidata.org/entity/Q234434,Juno Temple,female,http://www.wikidata.org/entity/Q1720855,Kaboom,http://www.wikidata.org/entity/Q157443,comedy film,2011
http://www.wikidata.org/entity/Q2680,Bruce Willis,male,http://www.wikidata.org/entity/Q1552765,I'm Still Here,http://www.wikidata.org/entity/Q157443,comedy film,2011
http://www.wikidata.org/entity/Q234434,Juno Temple,female,http://www.wikidata.org/entity/Q1720855,Kaboom,http://www.wikidata.org/entity/Q1200678,mystery film,2011
http://www.wikidata.org/entity/Q306403,James Franco,male,http://www.wikidata.org/entity/Q1632040,Howl,http://www.wikidata.org/entity/Q130232,drama film,2011
http://www.wikidata.org/entity/Q464320,Stephen Root,male,http://www.wikidata.org/entity/Q1862218,Cedar Rapids,http://www.wikidata.org/entity/Q157443,comedy film,2011
http://www.wikidata.org/entity/Q464320,Stephen Root,male,http://www.wikidata.org/entity/Q1862218,Cedar Rapids,http://www.wikidata.org/entity/Q157443,comedy film,2011
http://www.wikidata.org/entity/Q320204,Jeffrey Tambor,male,http://www.wikidata.org/entity/Q1873703,Lucky,http://www.wikidata.org/entity/Q157443,comedy film,2011
http://www.wikidata.org/entity/Q320204,Jeffrey Tambor,male,http://www.wikidata.org/entity/Q1873703,Lucky,http://www.wikidata.org/entity/Q959790,crime film,2011
http://www.wikidata.org/entity/Q454494,Ari Graynor,female,http://www.wikidata.org/entity/Q1873703,Lucky,http://www.wikidata.org/entity/Q157443,comedy film,2011
http://www.wikidata.org/entity/Q454494,Ari Graynor,female,http://www.wikidata.org/entity/Q1873703,Lucky,http://www.wikidata.org/entity/Q959790,crime film,2011
http://www.wikidata.org/entity/Q172678,Samuel L. Jackson,male,http://www.wikidata.org/entity/Q2016830,The Sunset Limited,http://www.wikidata.org/entity/Q130232,drama film,2011
http://www.wikidata.org/entity/Q172678,Samuel L. Jackson,male,http://www.wikidata.org/entity/Q1959378,Mother and Child,http://www.wikidata.org/entity/Q130232,drama film,2011
http://www.wikidata.org/entity/Q202056,Hank Azaria,male,http://www.wikidata.org/entity/Q2349825,The Smurfs: A Christmas Carol,http://www.wikidata.org/entity/Q157394,fantasy film,2011
http://www.wikidata.org/entity/Q202056,Hank Azaria,male,http://www.wikidata.org/entity/Q2349825,The Smurfs: A Christmas Carol,http://www.wikidata.org/entity/Q157443,comedy film,2011
http://www.wikidata.org/entity/Q202056,Hank Azaria,male,http://www.wikidata.org/entity/Q2349825,The Smurfs: A Christmas Carol,http://www.wikidata.org/entity/Q1361932,family film,2011
http://www.wikidata.org/entity/Q314133,Anton Yelchin,male,http://www.wikidata.org/entity/Q2349825,The Smurfs: A Christmas Carol,http://www.wikidata.org/entity/Q157394,fantasy film,2011
http://www.wikidata.org/entity/Q314133,Anton Yelchin,male,http://www.wikidata.org/entity/Q2349825,The Smurfs: A Christmas Carol,http://www.wikidata.org/entity/Q157443,comedy film,2011
http://www.wikidata.org/entity/Q314133,Anton Yelchin,male,http://www.wikidata.org/entity/Q2349825,The Smurfs: A Christmas Carol,http://www.wikidata.org/entity/Q1361932,family film,2011
http://www.wikidata.org/entity/Q211280,Ray Liotta,male,http://www.wikidata.org/entity/Q2110876,The Son of No One,http://www.wikidata.org/entity/Q130232,drama film,2011
http://www.wikidata.org/entity/Q211280,Ray Liotta,male,http://www.wikidata.org/entity/Q2110876,The Son of No One,http://www.wikidata.org/entity/Q188473,action film,2011
http://www.wikidata.org/entity/Q212064,Channing Tatum,male,http://www.wikidata.org/entity/Q2110876,The Son of No One,http://www.wikidata.org/entity/Q130232,drama film,2011
http://www.wikidata.org/entity/Q212064,Channing Tatum,male,http://www.wikidata.org/entity/Q2110876,The Son of No One,http://www.wikidata.org/entity/Q188473,action film,2011
http://www.wikidata.org/entity/Q241749,Bailee Madison,female,http://www.wikidata.org/entity/Q2299378,Don't Be Afraid of the Dark,http://www.wikidata.org/entity/Q157394,fantasy film,2011
http://www.wikidata.org/entity/Q212064,Channing Tatum,male,http://www.wikidata.org/entity/Q2579741,10 Years,http://www.wikidata.org/entity/Q859369,comedy drama,2011
http://www.wikidata.org/entity/Q454494,Ari Graynor,female,http://www.wikidata.org/entity/Q2579741,10 Years,http://www.wikidata.org/entity/Q130232,drama film,2011
http://www.wikidata.org/entity/Q454494,Ari Graynor,female,http://www.wikidata.org/entity/Q2579741,10 Years,http://www.wikidata.org/entity/Q859369,comedy drama,2011
http://www.wikidata.org/entity/Q212064,Channing Tatum,male,http://www.wikidata.org/entity/Q2579741,10 Years,http://www.wikidata.org/entity/Q130232,drama film,2011
http://www.wikidata.org/entity/Q191084,Val Kilmer,male,http://www.wikidata.org/entity/Q2408534,Twixt,http://www.wikidata.org/entity/Q130232,drama film,2011
http://www.wikidata.org/entity/Q191084,Val Kilmer,male,http://www.wikidata.org/entity/Q2408534,Twixt,http://www.wikidata.org/entity/Q200092,horror film,2011
http://www.wikidata.org/entity/Q320204,Jeffrey Tambor,male,http://www.wikidata.org/entity/Q2704616,Win Win,http://www.wikidata.org/entity/Q859369,comedy drama,2011
http://www.wikidata.org/entity/Q320204,Jeffrey Tambor,male,http://www.wikidata.org/entity/Q2704616,Win Win,http://www.wikidata.org/entity/Q859369,comedy drama,2011
http://www.wikidata.org/entity/Q3454165,Kevin Bacon,male,http://www.wikidata.org/entity/Q2882477,Elephant White,http://www.wikidata.org/entity/Q188473,action film,2011
http://www.wikidata.org/entity/Q3454165,Kevin Bacon,male,http://www.wikidata.org/entity/Q2882477,Elephant White,http://www.wikidata.org/entity/Q2484376,thriller film,2011
http://www.wikidata.org/entity/Q229313,Jessica Chastain,female,http://www.wikidata.org/entity/Q2636031,Texas Killing Fields,http://www.wikidata.org/entity/Q959790,crime film,2011
http://www.wikidata.org/entity/Q229313,Jessica Chastain,female,http://www.wikidata.org/entity/Q2636031,Texas Killing Fields,http://www.wikidata.org/entity/Q1200678,mystery film,2011
http://www.wikidata.org/entity/Q442547,Stephen Graham,male,http://www.wikidata.org/entity/Q2636031,Texas Killing Fields,http://www.wikidata.org/entity/Q959790,crime film,2011
http://www.wikidata.org/entity/Q442547,Stephen Graham,male,http://www.wikidata.org/entity/Q2636031,Texas Killing Fields,http://www.wikidata.org/entity/Q1200678,mystery film,2011
http://www.wikidata.org/entity/Q34975,Brian Cox,male,http://www.wikidata.org/entity/Q3048770,Citizen Gangster,http://www.wikidata.org/entity/Q130232,drama film,2011
http://www.wikidata.org/entity/Q34975,Brian Cox,male,http://www.wikidata.org/entity/Q3048770,Citizen Gangster,http://www.wikidata.org/entity/Q188473,action film,2011
http://www.wikidata.org/entity/Q34975,Brian Cox,male,http://www.wikidata.org/entity/Q3048770,Citizen Gangster,http://www.wikidata.org/entity/Q959790,crime film,2011
http://www.wikidata.org/entity/Q223830,Danny Trejo,male,http://www.wikidata.org/entity/Q2927201,Cross,http://www.wikidata.org/entity/Q157394,fantasy film,2011
http://www.wikidata.org/entity/Q296822,Vinnie Jones,male,http://www.wikidata.org/entity/Q2927201,Cross,http://www.wikidata.org/entity/Q157394,fantasy film,2011
http://www.wikidata.org/entity/Q191084,Val Kilmer,male,http://www.wikidata.org/entity/Q2906978,Blood Out,http://www.wikidata.org/entity/Q188473,action film,2011
http://www.wikidata.org/entity/Q191084,Val Kilmer,male,http://www.wikidata.org/entity/Q2906978,Blood Out,http://www.wikidata.org/entity/Q959790,crime film,2011
http://www.wikidata.org/entity/Q191084,Val Kilmer,male,http://www.wikidata.org/entity/Q2906978,Blood Out,http://www.wikidata.org/entity/Q130232,drama film,2011
http://www.wikidata.org/entity/Q191084,Val Kilmer,male,http://www.wikidata.org/entity/Q2906978,Blood Out,http://www.wikidata.org/entity/Q188473,action film,2011
http://www.wikidata.org/entity/Q191084,Val Kilmer,male,http://www.wikidata.org/entity/Q2906978,Blood Out,http://www.wikidata.org/entity/Q959790,crime film,2011
http://www.wikidata.org/entity/Q296822,Vinnie Jones,male,http://www.wikidata.org/entity/Q2906978,Blood Out,http://www.wikidata.org/entity/Q188473,action film,2011
http://www.wikidata.org/entity/Q296822,Vinnie Jones,male,http://www.wikidata.org/entity/Q2906978,Blood Out,http://www.wikidata.org/entity/Q959790,crime film,2011
http://www.wikidata.org/entity/Q296822,Vinnie Jones,male,http://www.wikidata.org/entity/Q2906978,Blood Out,http://www.wikidata.org/entity/Q130232,drama film,2011
http://www.wikidata.org/entity/Q296822,Vinnie Jones,male,http://www.wikidata.org/entity/Q2906978,Blood Out,http://www.wikidata.org/entity/Q188473,action film,2011
http://www.wikidata.org/entity/Q296822,Vinnie Jones,male,http://www.wikidata.org/entity/Q2906978,Blood Out,http://www.wikidata.org/entity/Q959790,crime film,2011
http://www.wikidata.org/entity/Q223830,Danny Trejo,male,http://www.wikidata.org/entity/Q2927201,Cross,http://www.wikidata.org/entity/Q188473,action film,2011
http://www.wikidata.org/entity/Q296822,Vinnie Jones,male,http://www.wikidata.org/entity/Q2927201,Cross,http://www.wikidata.org/entity/Q188473,action film,2011
http://www.wikidata.org/entity/Q191084,Val Kilmer,male,http://www.wikidata.org/entity/Q2906978,Blood Out,http://www.wikidata.org/entity/Q130232,drama film,2011
http://www.wikidata.org/entity/Q191084,Val Kilmer,male,http://www.wikidata.org/entity/Q2906978,Blood Out,http://www.wikidata.org/entity/Q188473,action film,2011
http://www.wikidata.org/entity/Q191084,Val Kilmer,male,http://www.wikidata.org/entity/Q2906978,Blood Out,http://www.wikidata.org/entity/Q959790,crime film,2011
http://www.wikidata.org/entity/Q191084,Val Kilmer,male,http://www.wikidata.org/entity/Q2906978,Blood Out,http://www.wikidata.org/entity/Q130232,drama film,2011
http://www.wikidata.org/entity/Q296822,Vinnie Jones,male,http://www.wikidata.org/entity/Q2906978,Blood Out,http://www.wikidata.org/entity/Q130232,drama film,2011
http://www.wikidata.org/entity/Q296822,Vinnie Jones,male,http://www.wikidata.org/entity/Q2906978,Blood Out,http://www.wikidata.org/entity/Q188473,action film,2011
http://www.wikidata.org/entity/Q296822,Vinnie Jones,male,http://www.wikidata.org/entity/Q2906978,Blood Out,http://www.wikidata.org/entity/Q959790,crime film,2011
http://www.wikidata.org/entity/Q296822,Vinnie Jones,male,http://www.wikidata.org/entity/Q2906978,Blood Out,http://www.wikidata.org/entity/Q130232,drama film,2011
http://www.wikidata.org/entity/Q235511,Taraji P. Henson,female,http://www.wikidata.org/entity/Q3088298,From the Rough,http://www.wikidata.org/entity/Q130232,drama film,2011
http://www.wikidata.org/entity/Q211280,Ray Liotta,male,http://www.wikidata.org/entity/Q3212347,The River Murders,http://www.wikidata.org/entity/Q959790,crime film,2011
http://www.wikidata.org/entity/Q306403,James Franco,male,http://www.wikidata.org/entity/Q3264236,Love & Distrust,http://www.wikidata.org/entity/Q130232,drama film,2011
http://www.wikidata.org/entity/Q306403,James Franco,male,http://www.wikidata.org/entity/Q3264236,Love & Distrust,http://www.wikidata.org/entity/Q157443,comedy film,2011
http://www.wikidata.org/entity/Q308722,James Gandolfini,male,http://www.wikidata.org/entity/Q3281735,Cinema Verite,http://www.wikidata.org/entity/Q130232,drama film,2011
http://www.wikidata.org/entity/Q235511,Taraji P. Henson,female,http://www.wikidata.org/entity/Q3319893,Taken from Me: The Tiffany Rubin Story,http://www.wikidata.org/entity/Q130232,drama film,2011
http://www.wikidata.org/entity/Q191084,Val Kilmer,male,http://www.wikidata.org/entity/Q3284270,Bloodworth,http://www.wikidata.org/entity/Q130232,drama film,2011
http://www.wikidata.org/entity/Q2004409,Rance Howard,male,http://www.wikidata.org/entity/Q3284270,Bloodworth,http://www.wikidata.org/entity/Q130232,drama film,2011
http://www.wikidata.org/entity/Q235707,Kellan Lutz,male,http://www.wikidata.org/entity/Q3566419,A Warrior's Heart,http://www.wikidata.org/entity/Q130232,drama film,2011
http://www.wikidata.org/entity/Q235707,Kellan Lutz,male,http://www.wikidata.org/entity/Q3566419,A Warrior's Heart,http://www.wikidata.org/entity/Q188473,action film,2011
http://www.wikidata.org/entity/Q235707,Kellan Lutz,male,http://www.wikidata.org/entity/Q3566419,A Warrior's Heart,http://www.wikidata.org/entity/Q1361932,family film,2011
http://www.wikidata.org/entity/Q228792,Dianna Agron,female,http://www.wikidata.org/entity/Q3521338,The Hunters,http://www.wikidata.org/entity/Q200092,horror film,2011
http://www.wikidata.org/entity/Q228792,Dianna Agron,female,http://www.wikidata.org/entity/Q3521338,The Hunters,http://www.wikidata.org/entity/Q2484376,thriller film,2011
http://www.wikidata.org/entity/Q306403,James Franco,male,http://www.wikidata.org/entity/Q3469429,Sal,http://www.wikidata.org/entity/Q130232,drama film,2011
http://www.wikidata.org/entity/Q41449,Michael Shannon,male,http://www.wikidata.org/entity/Q3520133,The Broken Tower,http://www.wikidata.org/entity/Q130232,drama film,2011
http://www.wikidata.org/entity/Q306403,James Franco,male,http://www.wikidata.org/entity/Q3520133,The Broken Tower,http://www.wikidata.org/entity/Q130232,drama film,2011
http://www.wikidata.org/entity/Q551239,Gary Grubbs,male,http://www.wikidata.org/entity/Q3658729,Carjacked,http://www.wikidata.org/entity/Q2484376,thriller film,2011
http://www.wikidata.org/entity/Q551239,Gary Grubbs,male,http://www.wikidata.org/entity/Q3520246,The Chaperone,http://www.wikidata.org/entity/Q157443,comedy film,2011
http://www.wikidata.org/entity/Q2004409,Rance Howard,male,http://www.wikidata.org/entity/Q3876743,Night Club,http://www.wikidata.org/entity/Q157443,comedy film,2011
http://www.wikidata.org/entity/Q229410,Melissa Leo,female,http://www.wikidata.org/entity/Q3958466,Seven Days in Utopia,http://www.wikidata.org/entity/Q130232,drama film,2011
http://www.wikidata.org/entity/Q229313,Jessica Chastain,female,http://www.wikidata.org/entity/Q3936465,Wilde Salome,http://www.wikidata.org/entity/Q130232,drama film,2011
http://www.wikidata.org/entity/Q464320,Stephen Root,male,http://www.wikidata.org/entity/Q3964671,Son of Morning,http://www.wikidata.org/entity/Q859369,comedy drama,2011
http://www.wikidata.org/entity/Q1535860,Marc Macaulay,male,http://www.wikidata.org/entity/Q3964671,Son of Morning,http://www.wikidata.org/entity/Q859369,comedy drama,2011
http://www.wikidata.org/entity/Q211280,Ray Liotta,male,http://www.wikidata.org/entity/Q3986596,The Details,http://www.wikidata.org/entity/Q859369,comedy drama,2011
http://www.wikidata.org/entity/Q219373,Elizabeth Banks,female,http://www.wikidata.org/entity/Q3986596,The Details,http://www.wikidata.org/entity/Q859369,comedy drama,2011
http://www.wikidata.org/entity/Q2073496,Ray McKinnon,male,http://www.wikidata.org/entity/Q4373868,The Last Ride,http://www.wikidata.org/entity/Q130232,drama film,2011
http://www.wikidata.org/entity/Q241749,Bailee Madison,female,http://www.wikidata.org/entity/Q4632160,25 Hill,http://www.wikidata.org/entity/Q130232,drama film,2011
http://www.wikidata.org/entity/Q211280,Ray Liotta,male,http://www.wikidata.org/entity/Q4729787,All Things Fall Apart,http://www.wikidata.org/entity/Q130232,drama film,2011
http://www.wikidata.org/entity/Q211280,Ray Liotta,male,http://www.wikidata.org/entity/Q4729787,All Things Fall Apart,http://www.wikidata.org/entity/Q130232,drama film,2011
http://www.wikidata.org/entity/Q1535860,Marc Macaulay,male,http://www.wikidata.org/entity/Q5247332,Death from Above,http://www.wikidata.org/entity/Q200092,horror film,2011
http://www.wikidata.org/entity/Q1198697,Pruitt Taylor Vince,male,http://www.wikidata.org/entity/Q5183620,Creature,http://www.wikidata.org/entity/Q200092,horror film,2011
http://www.wikidata.org/entity/Q234434,Juno Temple,female,http://www.wikidata.org/entity/Q5281010,Dirty Girl,http://www.wikidata.org/entity/Q130232,drama film,2011
http://www.wikidata.org/entity/Q234434,Juno Temple,female,http://www.wikidata.org/entity/Q5281010,Dirty Girl,http://www.wikidata.org/entity/Q859369,comedy drama,2011
http://www.wikidata.org/entity/Q234434,Juno Temple,female,http://www.wikidata.org/entity/Q5281010,Dirty Girl,http://www.wikidata.org/entity/Q1146335,teen film,2011
http://www.wikidata.org/entity/Q551239,Gary Grubbs,male,http://www.wikidata.org/entity/Q5281010,Dirty Girl,http://www.wikidata.org/entity/Q130232,drama film,2011
http://www.wikidata.org/entity/Q551239,Gary Grubbs,male,http://www.wikidata.org/entity/Q5281010,Dirty Girl,http://www.wikidata.org/entity/Q859369,comedy drama,2011
http://www.wikidata.org/entity/Q551239,Gary Grubbs,male,http://www.wikidata.org/entity/Q5281010,Dirty Girl,http://www.wikidata.org/entity/Q1146335,teen film,2011
http://www.wikidata.org/entity/Q228871,Carla Gugino,female,http://www.wikidata.org/entity/Q5564453,Girl Walks into a Bar,http://www.wikidata.org/entity/Q157443,comedy film,2011
http://www.wikidata.org/entity/Q183347,Lloyd Kaufman,male,http://www.wikidata.org/entity/Q5637176,Hack Job,http://www.wikidata.org/entity/Q853630,slasher film,2011
http://www.wikidata.org/entity/Q183347,Lloyd Kaufman,male,http://www.wikidata.org/entity/Q5637176,Hack Job,http://www.wikidata.org/entity/Q2484376,thriller film,2011
http://www.wikidata.org/entity/Q205435,Billy Zane,male,http://www.wikidata.org/entity/Q6296459,Journey to Promethea,http://www.wikidata.org/entity/Q157394,fantasy film,2011
http://www.wikidata.org/entity/Q154421,Ed Asner,male,http://www.wikidata.org/entity/Q6532679,Let Go,http://www.wikidata.org/entity/Q130232,drama film,2011
http://www.wikidata.org/entity/Q154421,Ed Asner,male,http://www.wikidata.org/entity/Q6532679,Let Go,http://www.wikidata.org/entity/Q157443,comedy film,2011
http://www.wikidata.org/entity/Q2004409,Rance Howard,male,http://www.wikidata.org/entity/Q6532679,Let Go,http://www.wikidata.org/entity/Q130232,drama film,2011
http://www.wikidata.org/entity/Q2004409,Rance Howard,male,http://www.wikidata.org/entity/Q6532679,Let Go,http://www.wikidata.org/entity/Q157443,comedy film,2011
http://www.wikidata.org/entity/Q234434,Juno Temple,female,http://www.wikidata.org/entity/Q6649118,Little Birds,http://www.wikidata.org/entity/Q130232,drama film,2011
http://www.wikidata.org/entity/Q205435,Billy Zane,male,http://www.wikidata.org/entity/Q6948746,Mysteria,http://www.wikidata.org/entity/Q2484376,thriller film,2011
http://www.wikidata.org/entity/Q313043,Richard Jenkins,male,http://www.wikidata.org/entity/Q7051881,Norman,http://www.wikidata.org/entity/Q130232,drama film,2011
http://www.wikidata.org/entity/Q313043,Richard Jenkins,male,http://www.wikidata.org/entity/Q7051881,Norman,http://www.wikidata.org/entity/Q859369,comedy drama,2011
http://www.wikidata.org/entity/Q154421,Ed Asner,male,http://www.wikidata.org/entity/Q7062047,Not Another B Movie,http://www.wikidata.org/entity/Q157443,comedy film,2011
http://www.wikidata.org/entity/Q183347,Lloyd Kaufman,male,http://www.wikidata.org/entity/Q7062047,Not Another B Movie,http://www.wikidata.org/entity/Q157443,comedy film,2011
http://www.wikidata.org/entity/Q200355,Olivia Wilde,female,http://www.wikidata.org/entity/Q7091387,On the Inside,http://www.wikidata.org/entity/Q130232,drama film,2011
http://www.wikidata.org/entity/Q200355,Olivia Wilde,female,http://www.wikidata.org/entity/Q7091387,On the Inside,http://www.wikidata.org/entity/Q2484376,thriller film,2011
http://www.wikidata.org/entity/Q1198697,Pruitt Taylor Vince,male,http://www.wikidata.org/entity/Q7091387,On the Inside,http://www.wikidata.org/entity/Q130232,drama film,2011
http://www.wikidata.org/entity/Q1198697,Pruitt Taylor Vince,male,http://www.wikidata.org/entity/Q7091387,On the Inside,http://www.wikidata.org/entity/Q2484376,thriller film,2011
http://www.wikidata.org/entity/Q205435,Billy Zane,male,http://www.wikidata.org/entity/Q7547798,Sniper: Reloaded,http://www.wikidata.org/entity/Q188473,action film,2011
http://www.wikidata.org/entity/Q441913,James Remar,male,http://www.wikidata.org/entity/Q7943234,All Superheroes Must Die,http://www.wikidata.org/entity/Q188473,action film,2011
http://www.wikidata.org/entity/Q441913,James Remar,male,http://www.wikidata.org/entity/Q7943234,All Superheroes Must Die,http://www.wikidata.org/entity/Q200092,horror film,2011
http://www.wikidata.org/entity/Q154421,Ed Asner,male,http://www.wikidata.org/entity/Q8028390,Witness Insecurity,http://www.wikidata.org/entity/Q959790,crime film,2011
http://www.wikidata.org/entity/Q223830,Danny Trejo,male,http://www.wikidata.org/entity/Q7933203,Violet & Daisy,http://www.wikidata.org/entity/Q130232,drama film,2011
http://www.wikidata.org/entity/Q223830,Danny Trejo,male,http://www.wikidata.org/entity/Q7933203,Violet & Daisy,http://www.wikidata.org/entity/Q188473,action film,2011
http://www.wikidata.org/entity/Q308722,James Gandolfini,male,http://www.wikidata.org/entity/Q7933203,Violet & Daisy,http://www.wikidata.org/entity/Q130232,drama film,2011
http://www.wikidata.org/entity/Q308722,James Gandolfini,male,http://www.wikidata.org/entity/Q7933203,Violet & Daisy,http://www.wikidata.org/entity/Q188473,action film,2011
http://www.wikidata.org/entity/Q320204,Jeffrey Tambor,male,http://www.wikidata.org/entity/Q15088590,Five,http://www.wikidata.org/entity/Q859369,comedy drama,2011
http://www.wikidata.org/entity/Q308722,James Gandolfini,male,http://www.wikidata.org/entity/Q16976824,Down the Shore,http://www.wikidata.org/entity/Q2484376,thriller film,2011
http://www.wikidata.org/entity/Q223830,Danny Trejo,male,http://www.wikidata.org/entity/Q18114478,The Black Mamba,http://www.wikidata.org/entity/Q188473,action film,2011
http://www.wikidata.org/entity/Q2680,Bruce Willis,male,http://www.wikidata.org/entity/Q18114478,The Black Mamba,http://www.wikidata.org/entity/Q188473,action film,2011
http://www.wikidata.org/entity/Q1535860,Marc Macaulay,male,http://www.wikidata.org/entity/Q18434392,Justice for Natalee Holloway,http://www.wikidata.org/entity/Q959790,crime film,2011
http://www.wikidata.org/entity/Q113206,Clark Gregg,male,http://www.wikidata.org/entity/Q25404039,A Funny Thing Happened on the Way to Thor's Hammer,http://www.wikidata.org/entity/Q188473,action film,2011
http://www.wikidata.org/entity/Q113206,Clark Gregg,male,http://www.wikidata.org/entity/Q25412892,The Consultant,http://www.wikidata.org/entity/Q130232,drama film,2011
http://www.wikidata.org/entity/Q113206,Clark Gregg,male,http://www.wikidata.org/entity/Q25412892,The Consultant,http://www.wikidata.org/entity/Q157443,comedy film,2011
http://www.wikidata.org/entity/Q223830,Danny Trejo,male,http://www.wikidata.org/entity/Q39072078,Dark Game,http://www.wikidata.org/entity/Q130232,drama film,2011
http://www.wikidata.org/entity/Q228871,Carla Gugino,female,http://www.wikidata.org/entity/Q51243600,Hide,http://www.wikidata.org/entity/Q130232,drama film,2011
http://www.wikidata.org/entity/Q183347,Lloyd Kaufman,male,http://www.wikidata.org/entity/Q60755255,Stripperland,http://www.wikidata.org/entity/Q200092,horror film,2011
