person,personLabel,genderLabel,film,filmLabel,genre,genreLabel,year
http://www.wikidata.org/entity/Q273208,Chris Cooper,male,http://www.wikidata.org/entity/Q31791,The Company Men,http://www.wikidata.org/entity/Q130232,drama film,2010
http://www.wikidata.org/entity/Q177311,Joseph Gordon-Levitt,male,http://www.wikidata.org/entity/Q25188,Inception,http://www.wikidata.org/entity/Q130232,drama film,2010
http://www.wikidata.org/entity/Q177311,Joseph Gordon-Levitt,male,http://www.wikidata.org/entity/Q25188,Inception,http://www.wikidata.org/entity/Q188473,action film,2010
http://www.wikidata.org/entity/Q177311,Joseph Gordon-Levitt,male,http://www.wikidata.org/entity/Q25188,Inception,http://www.wikidata.org/entity/Q319221,adventure film,2010
http://www.wikidata.org/entity/Q177311,Joseph Gordon-Levitt,male,http://www.wikidata.org/entity/Q25188,Inception,http://www.wikidata.org/entity/Q1200678,mystery film,2010
http://www.wikidata.org/entity/Q177311,Joseph Gordon-Levitt,male,http://www.wikidata.org/entity/Q25188,Inception,http://www.wikidata.org/entity/Q2484376,thriller film,2010
http://www.wikidata.org/entity/Q177311,Joseph Gordon-Levitt,male,http://www.wikidata.org/entity/Q25188,Inception,http://www.wikidata.org/entity/Q130232,drama film,2010
http://www.wikidata.org/entity/Q177311,Joseph Gordon-Levitt,male,http://www.wikidata.org/entity/Q25188,Inception,http://www.wikidata.org/entity/Q188473,action film,2010
http://www.wikidata.org/entity/Q177311,Joseph Gordon-Levitt,male,http://www.wikidata.org/entity/Q25188,Inception,http://www.wikidata.org/entity/Q319221,adventure film,2010
http://www.wikidata.org/entity/Q177311,Joseph Gordon-Levitt,male,http://www.wikidata.org/entity/Q25188,Inception,http://www.wikidata.org/entity/Q1200678,mystery film,2010
http://www.wikidata.org/entity/Q177311,Joseph Gordon-Levitt,male,http://www.wikidata.org/entity/Q25188,Inception,http://www.wikidata.org/entity/Q2484376,thriller film,2010
http://www.wikidata.org/entity/Q177311,Joseph Gordon-Levitt,male,http://www.wikidata.org/entity/Q25188,Inception,http://www.wikidata.org/entity/Q188473,action film,2010
http://www.wikidata.org/entity/Q177311,Joseph Gordon-Levitt,male,http://www.wikidata.org/entity/Q25188,Inception,http://www.wikidata.org/entity/Q319221,adventure film,2010
http://www.wikidata.org/entity/Q177311,Joseph Gordon-Levitt,male,http://www.wikidata.org/entity/Q25188,Inception,http://www.wikidata.org/entity/Q1200678,mystery film,2010
http://www.wikidata.org/entity/Q177311,Joseph Gordon-Levitt,male,http://www.wikidata.org/entity/Q25188,Inception,http://www.wikidata.org/entity/Q2484376,thriller film,2010
http://www.wikidata.org/entity/Q177311,Joseph Gordon-Levitt,male,http://www.wikidata.org/entity/Q25188,Inception,http://www.wikidata.org/entity/Q130232,drama film,2010
http://www.wikidata.org/entity/Q177311,Joseph Gordon-Levitt,male,http://www.wikidata.org/entity/Q25188,Inception,http://www.wikidata.org/entity/Q188473,action film,2010
http://www.wikidata.org/entity/Q177311,Joseph Gordon-Levitt,male,http://www.wikidata.org/entity/Q25188,Inception,http://www.wikidata.org/entity/Q319221,adventure film,2010
http://www.wikidata.org/entity/Q177311,Joseph Gordon-Levitt,male,http://www.wikidata.org/entity/Q25188,Inception,http://www.wikidata.org/entity/Q1200678,mystery film,2010
http://www.wikidata.org/entity/Q177311,Joseph Gordon-Levitt,male,http://www.wikidata.org/entity/Q25188,Inception,http://www.wikidata.org/entity/Q2484376,thriller film,2010
http://www.wikidata.org/entity/Q177311,Joseph Gordon-Levitt,male,http://www.wikidata.org/entity/Q25188,Inception,http://www.wikidata.org/entity/Q130232,drama film,2010
http://www.wikidata.org/entity/Q177311,Joseph Gordon-Levitt,male,http://www.wikidata.org/entity/Q25188,Inception,http://www.wikidata.org/entity/Q188473,action film,2010
http://www.wikidata.org/entity/Q177311,Joseph Gordon-Levitt,male,http://www.wikidata.org/entity/Q25188,Inception,http://www.wikidata.org/entity/Q319221,adventure film,2010
http://www.wikidata.org/entity/Q177311,Joseph Gordon-Levitt,male,http://www.wikidata.org/entity/Q25188,Inception,http://www.wikidata.org/entity/Q1200678,mystery film,2010
http://www.wikidata.org/entity/Q177311,Joseph Gordon-Levitt,male,http://www.wikidata.org/entity/Q25188,Inception,http://www.wikidata.org/entity/Q2484376,thriller film,2010
http://www.wikidata.org/entity/Q177311,Joseph Gordon-Levitt,male,http://www.wikidata.org/entity/Q25188,Inception,http://www.wikidata.org/entity/Q130232,drama film,2010
http://www.wikidata.org/entity/Q205707,Bradley Cooper,male,http://www.wikidata.org/entity/Q44935,"New York, I Love You",http://www.wikidata.org/entity/Q130232,drama film,2010
http://www.wikidata.org/entity/Q273208,Chris Cooper,male,http://www.wikidata.org/entity/Q44935,"New York, I Love You",http://www.wikidata.org/entity/Q130232,drama film,2010
http://www.wikidata.org/entity/Q37876,Natalie Portman,female,http://www.wikidata.org/entity/Q44935,"New York, I Love You",http://www.wikidata.org/entity/Q130232,drama film,2010
http://www.wikidata.org/entity/Q236189,Judy Greer,female,http://www.wikidata.org/entity/Q48734,Marmaduke,http://www.wikidata.org/entity/Q157443,comedy film,2010
http://www.wikidata.org/entity/Q236189,Judy Greer,female,http://www.wikidata.org/entity/Q48734,Marmaduke,http://www.wikidata.org/entity/Q188473,action film,2010
http://www.wikidata.org/entity/Q311314,Sam Elliott,male,http://www.wikidata.org/entity/Q48734,Marmaduke,http://www.wikidata.org/entity/Q157443,comedy film,2010
http://www.wikidata.org/entity/Q311314,Sam Elliott,male,http://www.wikidata.org/entity/Q48734,Marmaduke,http://www.wikidata.org/entity/Q188473,action film,2010
http://www.wikidata.org/entity/Q236189,Judy Greer,female,http://www.wikidata.org/entity/Q127414,Henry's Crime,http://www.wikidata.org/entity/Q157443,comedy film,2010
http://www.wikidata.org/entity/Q236189,Judy Greer,female,http://www.wikidata.org/entity/Q127414,Henry's Crime,http://www.wikidata.org/entity/Q959790,crime film,2010
http://www.wikidata.org/entity/Q236189,Judy Greer,female,http://www.wikidata.org/entity/Q48734,Marmaduke,http://www.wikidata.org/entity/Q157443,comedy film,2010
http://www.wikidata.org/entity/Q236189,Judy Greer,female,http://www.wikidata.org/entity/Q48734,Marmaduke,http://www.wikidata.org/entity/Q188473,action film,2010
http://www.wikidata.org/entity/Q236189,Judy Greer,female,http://www.wikidata.org/entity/Q48734,Marmaduke,http://www.wikidata.org/entity/Q157443,comedy film,2010
http://www.wikidata.org/entity/Q236189,Judy Greer,female,http://www.wikidata.org/entity/Q48734,Marmaduke,http://www.wikidata.org/entity/Q188473,action film,2010
http://www.wikidata.org/entity/Q236189,Judy Greer,female,http://www.wikidata.org/entity/Q48734,Marmaduke,http://www.wikidata.org/entity/Q157443,comedy film,2010
http://www.wikidata.org/entity/Q236189,Judy Greer,female,http://www.wikidata.org/entity/Q48734,Marmaduke,http://www.wikidata.org/entity/Q188473,action film,2010
http://www.wikidata.org/entity/Q311314,Sam Elliott,male,http://www.wikidata.org/entity/Q48734,Marmaduke,http://www.wikidata.org/entity/Q157443,comedy film,2010
http://www.wikidata.org/entity/Q311314,Sam Elliott,male,http://www.wikidata.org/entity/Q48734,Marmaduke,http://www.wikidata.org/entity/Q188473,action film,2010
http://www.wikidata.org/entity/Q311314,Sam Elliott,male,http://www.wikidata.org/entity/Q48734,Marmaduke,http://www.wikidata.org/entity/Q157443,comedy film,2010
http://www.wikidata.org/entity/Q311314,Sam Elliott,male,http://www.wikidata.org/entity/Q48734,Marmaduke,http://www.wikidata.org/entity/Q188473,action film,2010
http://www.wikidata.org/entity/Q311314,Sam Elliott,male,http://www.wikidata.org/entity/Q48734,Marmaduke,http://www.wikidata.org/entity/Q157443,comedy film,2010
http://www.wikidata.org/entity/Q311314,Sam Elliott,male,http://www.wikidata.org/entity/Q48734,Marmaduke,http://www.wikidata.org/entity/Q188473,action film,2010
http://www.wikidata.org/entity/Q183347,Lloyd Kaufman,male,http://www.wikidata.org/entity/Q122113,Super,http://www.wikidata.org/entity/Q157443,comedy film,2010
http://www.wikidata.org/entity/Q296883,Joe Pantoliano,male,http://www.wikidata.org/entity/Q244333,Percy Jackson & the Olympians: The Lightning Thief,http://www.wikidata.org/entity/Q188473,action film,2010
http://www.wikidata.org/entity/Q348738,Brandon T. Jackson,male,http://www.wikidata.org/entity/Q244333,Percy Jackson & the Olympians: The Lightning Thief,http://www.wikidata.org/entity/Q188473,action film,2010
http://www.wikidata.org/entity/Q296883,Joe Pantoliano,male,http://www.wikidata.org/entity/Q244333,Percy Jackson & the Olympians: The Lightning Thief,http://www.wikidata.org/entity/Q319221,adventure film,2010
http://www.wikidata.org/entity/Q296883,Joe Pantoliano,male,http://www.wikidata.org/entity/Q244333,Percy Jackson & the Olympians: The Lightning Thief,http://www.wikidata.org/entity/Q188473,action film,2010
http://www.wikidata.org/entity/Q296883,Joe Pantoliano,male,http://www.wikidata.org/entity/Q244333,Percy Jackson & the Olympians: The Lightning Thief,http://www.wikidata.org/entity/Q319221,adventure film,2010
http://www.wikidata.org/entity/Q296883,Joe Pantoliano,male,http://www.wikidata.org/entity/Q244333,Percy Jackson & the Olympians: The Lightning Thief,http://www.wikidata.org/entity/Q188473,action film,2010
http://www.wikidata.org/entity/Q348738,Brandon T. Jackson,male,http://www.wikidata.org/entity/Q244333,Percy Jackson & the Olympians: The Lightning Thief,http://www.wikidata.org/entity/Q319221,adventure film,2010
http://www.wikidata.org/entity/Q348738,Brandon T. Jackson,male,http://www.wikidata.org/entity/Q244333,Percy Jackson & the Olympians: The Lightning Thief,http://www.wikidata.org/entity/Q188473,action film,2010
http://www.wikidata.org/entity/Q348738,Brandon T. Jackson,male,http://www.wikidata.org/entity/Q244333,Percy Jackson & the Olympians: The Lightning Thief,http://www.wikidata.org/entity/Q319221,adventure film,2010
http://www.wikidata.org/entity/Q296883,Joe Pantoliano,male,http://www.wikidata.org/entity/Q244333,Percy Jackson & the Olympians: The Lightning Thief,http://www.wikidata.org/entity/Q319221,adventure film,2010
http://www.wikidata.org/entity/Q296883,Joe Pantoliano,male,http://www.wikidata.org/entity/Q244333,Percy Jackson & the Olympians: The Lightning Thief,http://www.wikidata.org/entity/Q188473,action film,2010
http://www.wikidata.org/entity/Q296883,Joe Pantoliano,male,http://www.wikidata.org/entity/Q244333,Percy Jackson & the Olympians: The Lightning Thief,http://www.wikidata.org/entity/Q319221,adventure film,2010
http://www.wikidata.org/entity/Q348738,Brandon T. Jackson,male,http://www.wikidata.org/entity/Q244333,Percy Jackson & the Olympians: The Lightning Thief,http://www.wikidata.org/entity/Q188473,action film,2010
http://www.wikidata.org/entity/Q348738,Brandon T. Jackson,male,http://www.wikidata.org/entity/Q244333,Percy Jackson & the Olympians: The Lightning Thief,http://www.wikidata.org/entity/Q319221,adventure film,2010
http://www.wikidata.org/entity/Q348738,Brandon T. Jackson,male,http://www.wikidata.org/entity/Q244333,Percy Jackson & the Olympians: The Lightning Thief,http://www.wikidata.org/entity/Q188473,action film,2010
http://www.wikidata.org/entity/Q348738,Brandon T. Jackson,male,http://www.wikidata.org/entity/Q244333,Percy Jackson & the Olympians: The Lightning Thief,http://www.wikidata.org/entity/Q319221,adventure film,2010
http://www.wikidata.org/entity/Q223830,Danny Trejo,male,http://www.wikidata.org/entity/Q128493,Machete,http://www.wikidata.org/entity/Q319221,adventure film,2010
http://www.wikidata.org/entity/Q223830,Danny Trejo,male,http://www.wikidata.org/entity/Q128493,Machete,http://www.wikidata.org/entity/Q959790,crime film,2010
http://www.wikidata.org/entity/Q223830,Danny Trejo,male,http://www.wikidata.org/entity/Q128493,Machete,http://www.wikidata.org/entity/Q1200678,mystery film,2010
http://www.wikidata.org/entity/Q223830,Danny Trejo,male,http://www.wikidata.org/entity/Q128493,Machete,http://www.wikidata.org/entity/Q2484376,thriller film,2010
http://www.wikidata.org/entity/Q3959303,Shea Whigham,male,http://www.wikidata.org/entity/Q128493,Machete,http://www.wikidata.org/entity/Q2484376,thriller film,2010
http://www.wikidata.org/entity/Q3959303,Shea Whigham,male,http://www.wikidata.org/entity/Q128493,Machete,http://www.wikidata.org/entity/Q319221,adventure film,2010
http://www.wikidata.org/entity/Q3959303,Shea Whigham,male,http://www.wikidata.org/entity/Q128493,Machete,http://www.wikidata.org/entity/Q959790,crime film,2010
http://www.wikidata.org/entity/Q3959303,Shea Whigham,male,http://www.wikidata.org/entity/Q128493,Machete,http://www.wikidata.org/entity/Q1200678,mystery film,2010
http://www.wikidata.org/entity/Q3959303,Shea Whigham,male,http://www.wikidata.org/entity/Q128493,Machete,http://www.wikidata.org/entity/Q2484376,thriller film,2010
http://www.wikidata.org/entity/Q36949,Robert De Niro,male,http://www.wikidata.org/entity/Q128493,Machete,http://www.wikidata.org/entity/Q959790,crime film,2010
http://www.wikidata.org/entity/Q36949,Robert De Niro,male,http://www.wikidata.org/entity/Q128493,Machete,http://www.wikidata.org/entity/Q1200678,mystery film,2010
http://www.wikidata.org/entity/Q36949,Robert De Niro,male,http://www.wikidata.org/entity/Q128493,Machete,http://www.wikidata.org/entity/Q2484376,thriller film,2010
http://www.wikidata.org/entity/Q44077,Jessica Alba,female,http://www.wikidata.org/entity/Q128493,Machete,http://www.wikidata.org/entity/Q959790,crime film,2010
http://www.wikidata.org/entity/Q44077,Jessica Alba,female,http://www.wikidata.org/entity/Q128493,Machete,http://www.wikidata.org/entity/Q1200678,mystery film,2010
http://www.wikidata.org/entity/Q44077,Jessica Alba,female,http://www.wikidata.org/entity/Q128493,Machete,http://www.wikidata.org/entity/Q2484376,thriller film,2010
http://www.wikidata.org/entity/Q351290,Patrick Wilson,male,http://www.wikidata.org/entity/Q122713,Insidious,http://www.wikidata.org/entity/Q130232,drama film,2010
http://www.wikidata.org/entity/Q351290,Patrick Wilson,male,http://www.wikidata.org/entity/Q122713,Insidious,http://www.wikidata.org/entity/Q200092,horror film,2010
http://www.wikidata.org/entity/Q351290,Patrick Wilson,male,http://www.wikidata.org/entity/Q122713,Insidious,http://www.wikidata.org/entity/Q1200678,mystery film,2010
http://www.wikidata.org/entity/Q351290,Patrick Wilson,male,http://www.wikidata.org/entity/Q122713,Insidious,http://www.wikidata.org/entity/Q2484376,thriller film,2010
http://www.wikidata.org/entity/Q449822,Lin Shaye,female,http://www.wikidata.org/entity/Q122713,Insidious,http://www.wikidata.org/entity/Q130232,drama film,2010
http://www.wikidata.org/entity/Q449822,Lin Shaye,female,http://www.wikidata.org/entity/Q122713,Insidious,http://www.wikidata.org/entity/Q200092,horror film,2010
http://www.wikidata.org/entity/Q449822,Lin Shaye,female,http://www.wikidata.org/entity/Q122713,Insidious,http://www.wikidata.org/entity/Q1200678,mystery film,2010
http://www.wikidata.org/entity/Q449822,Lin Shaye,female,http://www.wikidata.org/entity/Q122713,Insidious,http://www.wikidata.org/entity/Q2484376,thriller film,2010
http://www.wikidata.org/entity/Q223830,Danny Trejo,male,http://www.wikidata.org/entity/Q128493,Machete,http://www.wikidata.org/entity/Q319221,adventure film,2010
http://www.wikidata.org/entity/Q223830,Danny Trejo,male,http://www.wikidata.org/entity/Q128493,Machete,http://www.wikidata.org/entity/Q959790,crime film,2010
http://www.wikidata.org/entity/Q223830,Danny Trejo,male,http://www.wikidata.org/entity/Q128493,Machete,http://www.wikidata.org/entity/Q1200678,mystery film,2010
http://www.wikidata.org/entity/Q223830,Danny Trejo,male,http://www.wikidata.org/entity/Q128493,Machete,http://www.wikidata.org/entity/Q2484376,thriller film,2010
http://www.wikidata.org/entity/Q223830,Danny Trejo,male,http://www.wikidata.org/entity/Q128493,Machete,http://www.wikidata.org/entity/Q319221,adventure film,2010
http://www.wikidata.org/entity/Q3959303,Shea Whigham,male,http://www.wikidata.org/entity/Q128493,Machete,http://www.wikidata.org/entity/Q319221,adventure film,2010
http://www.wikidata.org/entity/Q3959303,Shea Whigham,male,http://www.wikidata.org/entity/Q128493,Machete,http://www.wikidata.org/entity/Q959790,crime film,2010
http://www.wikidata.org/entity/Q3959303,Shea Whigham,male,http://www.wikidata.org/entity/Q128493,Machete,http://www.wikidata.org/entity/Q1200678,mystery film,2010
http://www.wikidata.org/entity/Q3959303,Shea Whigham,male,http://www.wikidata.org/entity/Q128493,Machete,http://www.wikidata.org/entity/Q2484376,thriller film,2010
http://www.wikidata.org/entity/Q3959303,Shea Whigham,male,http://www.wikidata.org/entity/Q128493,Machete,http://www.wikidata.org/entity/Q319221,adventure film,2010
http://www.wikidata.org/entity/Q36949,Robert De Niro,male,http://www.wikidata.org/entity/Q128493,Machete,http://www.wikidata.org/entity/Q959790,crime film,2010
http://www.wikidata.org/entity/Q36949,Robert De Niro,male,http://www.wikidata.org/entity/Q128493,Machete,http://www.wikidata.org/entity/Q1200678,mystery film,2010
http://www.wikidata.org/entity/Q36949,Robert De Niro,male,http://www.wikidata.org/entity/Q128493,Machete,http://www.wikidata.org/entity/Q2484376,thriller film,2010
http://www.wikidata.org/entity/Q36949,Robert De Niro,male,http://www.wikidata.org/entity/Q128493,Machete,http://www.wikidata.org/entity/Q959790,crime film,2010
http://www.wikidata.org/entity/Q44077,Jessica Alba,female,http://www.wikidata.org/entity/Q128493,Machete,http://www.wikidata.org/entity/Q959790,crime film,2010
http://www.wikidata.org/entity/Q44077,Jessica Alba,female,http://www.wikidata.org/entity/Q128493,Machete,http://www.wikidata.org/entity/Q1200678,mystery film,2010
http://www.wikidata.org/entity/Q44077,Jessica Alba,female,http://www.wikidata.org/entity/Q128493,Machete,http://www.wikidata.org/entity/Q2484376,thriller film,2010
http://www.wikidata.org/entity/Q44077,Jessica Alba,female,http://www.wikidata.org/entity/Q128493,Machete,http://www.wikidata.org/entity/Q959790,crime film,2010
http://www.wikidata.org/entity/Q342665,Jeffrey Dean Morgan,male,http://www.wikidata.org/entity/Q49903,All Good Things,http://www.wikidata.org/entity/Q130232,drama film,2010
http://www.wikidata.org/entity/Q36949,Robert De Niro,male,http://www.wikidata.org/entity/Q128493,Machete,http://www.wikidata.org/entity/Q1200678,mystery film,2010
http://www.wikidata.org/entity/Q36949,Robert De Niro,male,http://www.wikidata.org/entity/Q128493,Machete,http://www.wikidata.org/entity/Q2484376,thriller film,2010
http://www.wikidata.org/entity/Q36949,Robert De Niro,male,http://www.wikidata.org/entity/Q128493,Machete,http://www.wikidata.org/entity/Q959790,crime film,2010
http://www.wikidata.org/entity/Q36949,Robert De Niro,male,http://www.wikidata.org/entity/Q128493,Machete,http://www.wikidata.org/entity/Q1200678,mystery film,2010
http://www.wikidata.org/entity/Q36949,Robert De Niro,male,http://www.wikidata.org/entity/Q128493,Machete,http://www.wikidata.org/entity/Q2484376,thriller film,2010
http://www.wikidata.org/entity/Q28493,Ralph Fiennes,male,http://www.wikidata.org/entity/Q161678,Harry Potter and the Deathly Hallows – Part 1,http://www.wikidata.org/entity/Q319221,adventure film,2010
http://www.wikidata.org/entity/Q223830,Danny Trejo,male,http://www.wikidata.org/entity/Q128493,Machete,http://www.wikidata.org/entity/Q959790,crime film,2010
http://www.wikidata.org/entity/Q223830,Danny Trejo,male,http://www.wikidata.org/entity/Q128493,Machete,http://www.wikidata.org/entity/Q1200678,mystery film,2010
http://www.wikidata.org/entity/Q223830,Danny Trejo,male,http://www.wikidata.org/entity/Q128493,Machete,http://www.wikidata.org/entity/Q2484376,thriller film,2010
http://www.wikidata.org/entity/Q223830,Danny Trejo,male,http://www.wikidata.org/entity/Q128493,Machete,http://www.wikidata.org/entity/Q319221,adventure film,2010
http://www.wikidata.org/entity/Q223830,Danny Trejo,male,http://www.wikidata.org/entity/Q128493,Machete,http://www.wikidata.org/entity/Q959790,crime film,2010
http://www.wikidata.org/entity/Q223830,Danny Trejo,male,http://www.wikidata.org/entity/Q128493,Machete,http://www.wikidata.org/entity/Q1200678,mystery film,2010
http://www.wikidata.org/entity/Q223830,Danny Trejo,male,http://www.wikidata.org/entity/Q128493,Machete,http://www.wikidata.org/entity/Q2484376,thriller film,2010
http://www.wikidata.org/entity/Q3959303,Shea Whigham,male,http://www.wikidata.org/entity/Q128493,Machete,http://www.wikidata.org/entity/Q959790,crime film,2010
http://www.wikidata.org/entity/Q3959303,Shea Whigham,male,http://www.wikidata.org/entity/Q128493,Machete,http://www.wikidata.org/entity/Q1200678,mystery film,2010
http://www.wikidata.org/entity/Q3959303,Shea Whigham,male,http://www.wikidata.org/entity/Q128493,Machete,http://www.wikidata.org/entity/Q2484376,thriller film,2010
http://www.wikidata.org/entity/Q3959303,Shea Whigham,male,http://www.wikidata.org/entity/Q128493,Machete,http://www.wikidata.org/entity/Q319221,adventure film,2010
http://www.wikidata.org/entity/Q3959303,Shea Whigham,male,http://www.wikidata.org/entity/Q128493,Machete,http://www.wikidata.org/entity/Q959790,crime film,2010
http://www.wikidata.org/entity/Q3959303,Shea Whigham,male,http://www.wikidata.org/entity/Q128493,Machete,http://www.wikidata.org/entity/Q1200678,mystery film,2010
http://www.wikidata.org/entity/Q44077,Jessica Alba,female,http://www.wikidata.org/entity/Q128493,Machete,http://www.wikidata.org/entity/Q1200678,mystery film,2010
http://www.wikidata.org/entity/Q44077,Jessica Alba,female,http://www.wikidata.org/entity/Q128493,Machete,http://www.wikidata.org/entity/Q2484376,thriller film,2010
http://www.wikidata.org/entity/Q44077,Jessica Alba,female,http://www.wikidata.org/entity/Q128493,Machete,http://www.wikidata.org/entity/Q959790,crime film,2010
http://www.wikidata.org/entity/Q44077,Jessica Alba,female,http://www.wikidata.org/entity/Q128493,Machete,http://www.wikidata.org/entity/Q1200678,mystery film,2010
http://www.wikidata.org/entity/Q44077,Jessica Alba,female,http://www.wikidata.org/entity/Q128493,Machete,http://www.wikidata.org/entity/Q2484376,thriller film,2010
http://www.wikidata.org/entity/Q28493,Ralph Fiennes,male,http://www.wikidata.org/entity/Q161678,Harry Potter and the Deathly Hallows – Part 1,http://www.wikidata.org/entity/Q319221,adventure film,2010
http://www.wikidata.org/entity/Q28493,Ralph Fiennes,male,http://www.wikidata.org/entity/Q161678,Harry Potter and the Deathly Hallows – Part 1,http://www.wikidata.org/entity/Q319221,adventure film,2010
http://www.wikidata.org/entity/Q28493,Ralph Fiennes,male,http://www.wikidata.org/entity/Q161678,Harry Potter and the Deathly Hallows – Part 1,http://www.wikidata.org/entity/Q319221,adventure film,2010
http://www.wikidata.org/entity/Q28493,Ralph Fiennes,male,http://www.wikidata.org/entity/Q161678,Harry Potter and the Deathly Hallows – Part 1,http://www.wikidata.org/entity/Q319221,adventure film,2010
http://www.wikidata.org/entity/Q36949,Robert De Niro,male,http://www.wikidata.org/entity/Q128493,Machete,http://www.wikidata.org/entity/Q130232,drama film,2010
http://www.wikidata.org/entity/Q28493,Ralph Fiennes,male,http://www.wikidata.org/entity/Q161678,Harry Potter and the Deathly Hallows – Part 1,http://www.wikidata.org/entity/Q157394,fantasy film,2010
http://www.wikidata.org/entity/Q28493,Ralph Fiennes,male,http://www.wikidata.org/entity/Q161678,Harry Potter and the Deathly Hallows – Part 1,http://www.wikidata.org/entity/Q188473,action film,2010
http://www.wikidata.org/entity/Q28493,Ralph Fiennes,male,http://www.wikidata.org/entity/Q161678,Harry Potter and the Deathly Hallows – Part 1,http://www.wikidata.org/entity/Q157394,fantasy film,2010
http://www.wikidata.org/entity/Q223830,Danny Trejo,male,http://www.wikidata.org/entity/Q128493,Machete,http://www.wikidata.org/entity/Q130232,drama film,2010
http://www.wikidata.org/entity/Q223830,Danny Trejo,male,http://www.wikidata.org/entity/Q128493,Machete,http://www.wikidata.org/entity/Q188473,action film,2010
http://www.wikidata.org/entity/Q223830,Danny Trejo,male,http://www.wikidata.org/entity/Q128493,Machete,http://www.wikidata.org/entity/Q130232,drama film,2010
http://www.wikidata.org/entity/Q223830,Danny Trejo,male,http://www.wikidata.org/entity/Q128493,Machete,http://www.wikidata.org/entity/Q188473,action film,2010
http://www.wikidata.org/entity/Q3959303,Shea Whigham,male,http://www.wikidata.org/entity/Q128493,Machete,http://www.wikidata.org/entity/Q130232,drama film,2010
http://www.wikidata.org/entity/Q3959303,Shea Whigham,male,http://www.wikidata.org/entity/Q128493,Machete,http://www.wikidata.org/entity/Q188473,action film,2010
http://www.wikidata.org/entity/Q3959303,Shea Whigham,male,http://www.wikidata.org/entity/Q128493,Machete,http://www.wikidata.org/entity/Q130232,drama film,2010
http://www.wikidata.org/entity/Q3959303,Shea Whigham,male,http://www.wikidata.org/entity/Q128493,Machete,http://www.wikidata.org/entity/Q188473,action film,2010
http://www.wikidata.org/entity/Q36949,Robert De Niro,male,http://www.wikidata.org/entity/Q128493,Machete,http://www.wikidata.org/entity/Q188473,action film,2010
http://www.wikidata.org/entity/Q36949,Robert De Niro,male,http://www.wikidata.org/entity/Q128493,Machete,http://www.wikidata.org/entity/Q319221,adventure film,2010
http://www.wikidata.org/entity/Q36949,Robert De Niro,male,http://www.wikidata.org/entity/Q128493,Machete,http://www.wikidata.org/entity/Q130232,drama film,2010
http://www.wikidata.org/entity/Q36949,Robert De Niro,male,http://www.wikidata.org/entity/Q128493,Machete,http://www.wikidata.org/entity/Q188473,action film,2010
http://www.wikidata.org/entity/Q36949,Robert De Niro,male,http://www.wikidata.org/entity/Q128493,Machete,http://www.wikidata.org/entity/Q319221,adventure film,2010
http://www.wikidata.org/entity/Q36949,Robert De Niro,male,http://www.wikidata.org/entity/Q128493,Machete,http://www.wikidata.org/entity/Q130232,drama film,2010
http://www.wikidata.org/entity/Q44077,Jessica Alba,female,http://www.wikidata.org/entity/Q128493,Machete,http://www.wikidata.org/entity/Q130232,drama film,2010
http://www.wikidata.org/entity/Q44077,Jessica Alba,female,http://www.wikidata.org/entity/Q128493,Machete,http://www.wikidata.org/entity/Q188473,action film,2010
http://www.wikidata.org/entity/Q44077,Jessica Alba,female,http://www.wikidata.org/entity/Q128493,Machete,http://www.wikidata.org/entity/Q319221,adventure film,2010
http://www.wikidata.org/entity/Q44077,Jessica Alba,female,http://www.wikidata.org/entity/Q128493,Machete,http://www.wikidata.org/entity/Q130232,drama film,2010
http://www.wikidata.org/entity/Q44077,Jessica Alba,female,http://www.wikidata.org/entity/Q128493,Machete,http://www.wikidata.org/entity/Q188473,action film,2010
http://www.wikidata.org/entity/Q44077,Jessica Alba,female,http://www.wikidata.org/entity/Q128493,Machete,http://www.wikidata.org/entity/Q319221,adventure film,2010
http://www.wikidata.org/entity/Q44077,Jessica Alba,female,http://www.wikidata.org/entity/Q128493,Machete,http://www.wikidata.org/entity/Q130232,drama film,2010
http://www.wikidata.org/entity/Q296883,Joe Pantoliano,male,http://www.wikidata.org/entity/Q244333,Percy Jackson & the Olympians: The Lightning Thief,http://www.wikidata.org/entity/Q157394,fantasy film,2010
http://www.wikidata.org/entity/Q296883,Joe Pantoliano,male,http://www.wikidata.org/entity/Q244333,Percy Jackson & the Olympians: The Lightning Thief,http://www.wikidata.org/entity/Q157394,fantasy film,2010
http://www.wikidata.org/entity/Q348738,Brandon T. Jackson,male,http://www.wikidata.org/entity/Q244333,Percy Jackson & the Olympians: The Lightning Thief,http://www.wikidata.org/entity/Q157394,fantasy film,2010
http://www.wikidata.org/entity/Q348738,Brandon T. Jackson,male,http://www.wikidata.org/entity/Q244333,Percy Jackson & the Olympians: The Lightning Thief,http://www.wikidata.org/entity/Q157394,fantasy film,2010
http://www.wikidata.org/entity/Q28493,Ralph Fiennes,male,http://www.wikidata.org/entity/Q161678,Harry Potter and the Deathly Hallows – Part 1,http://www.wikidata.org/entity/Q188473,action film,2010
http://www.wikidata.org/entity/Q28493,Ralph Fiennes,male,http://www.wikidata.org/entity/Q161678,Harry Potter and the Deathly Hallows – Part 1,http://www.wikidata.org/entity/Q157394,fantasy film,2010
http://www.wikidata.org/entity/Q28493,Ralph Fiennes,male,http://www.wikidata.org/entity/Q161678,Harry Potter and the Deathly Hallows – Part 1,http://www.wikidata.org/entity/Q188473,action film,2010
http://www.wikidata.org/entity/Q28493,Ralph Fiennes,male,http://www.wikidata.org/entity/Q161678,Harry Potter and the Deathly Hallows – Part 1,http://www.wikidata.org/entity/Q188473,action film,2010
http://www.wikidata.org/entity/Q28493,Ralph Fiennes,male,http://www.wikidata.org/entity/Q161678,Harry Potter and the Deathly Hallows – Part 1,http://www.wikidata.org/entity/Q157394,fantasy film,2010
http://www.wikidata.org/entity/Q28493,Ralph Fiennes,male,http://www.wikidata.org/entity/Q161678,Harry Potter and the Deathly Hallows – Part 1,http://www.wikidata.org/entity/Q188473,action film,2010
http://www.wikidata.org/entity/Q28493,Ralph Fiennes,male,http://www.wikidata.org/entity/Q161678,Harry Potter and the Deathly Hallows – Part 1,http://www.wikidata.org/entity/Q157394,fantasy film,2010
http://www.wikidata.org/entity/Q139325,Zach Galifianakis,male,http://www.wikidata.org/entity/Q211429,Up in the Air,http://www.wikidata.org/entity/Q130232,drama film,2010
http://www.wikidata.org/entity/Q139325,Zach Galifianakis,male,http://www.wikidata.org/entity/Q211429,Up in the Air,http://www.wikidata.org/entity/Q130232,drama film,2010
http://www.wikidata.org/entity/Q139325,Zach Galifianakis,male,http://www.wikidata.org/entity/Q211429,Up in the Air,http://www.wikidata.org/entity/Q130232,drama film,2010
http://www.wikidata.org/entity/Q150482,J. K. Simmons,male,http://www.wikidata.org/entity/Q211429,Up in the Air,http://www.wikidata.org/entity/Q130232,drama film,2010
http://www.wikidata.org/entity/Q150482,J. K. Simmons,male,http://www.wikidata.org/entity/Q211429,Up in the Air,http://www.wikidata.org/entity/Q130232,drama film,2010
http://www.wikidata.org/entity/Q150482,J. K. Simmons,male,http://www.wikidata.org/entity/Q211429,Up in the Air,http://www.wikidata.org/entity/Q130232,drama film,2010
http://www.wikidata.org/entity/Q311314,Sam Elliott,male,http://www.wikidata.org/entity/Q211429,Up in the Air,http://www.wikidata.org/entity/Q130232,drama film,2010
http://www.wikidata.org/entity/Q311314,Sam Elliott,male,http://www.wikidata.org/entity/Q211429,Up in the Air,http://www.wikidata.org/entity/Q130232,drama film,2010
http://www.wikidata.org/entity/Q311314,Sam Elliott,male,http://www.wikidata.org/entity/Q211429,Up in the Air,http://www.wikidata.org/entity/Q130232,drama film,2010
http://www.wikidata.org/entity/Q36949,Robert De Niro,male,http://www.wikidata.org/entity/Q128493,Machete,http://www.wikidata.org/entity/Q188473,action film,2010
http://www.wikidata.org/entity/Q36949,Robert De Niro,male,http://www.wikidata.org/entity/Q128493,Machete,http://www.wikidata.org/entity/Q319221,adventure film,2010
http://www.wikidata.org/entity/Q36949,Robert De Niro,male,http://www.wikidata.org/entity/Q128493,Machete,http://www.wikidata.org/entity/Q130232,drama film,2010
http://www.wikidata.org/entity/Q36949,Robert De Niro,male,http://www.wikidata.org/entity/Q128493,Machete,http://www.wikidata.org/entity/Q188473,action film,2010
http://www.wikidata.org/entity/Q36949,Robert De Niro,male,http://www.wikidata.org/entity/Q128493,Machete,http://www.wikidata.org/entity/Q319221,adventure film,2010
http://www.wikidata.org/entity/Q44077,Jessica Alba,female,http://www.wikidata.org/entity/Q128493,Machete,http://www.wikidata.org/entity/Q188473,action film,2010
http://www.wikidata.org/entity/Q223830,Danny Trejo,male,http://www.wikidata.org/entity/Q128493,Machete,http://www.wikidata.org/entity/Q130232,drama film,2010
http://www.wikidata.org/entity/Q223830,Danny Trejo,male,http://www.wikidata.org/entity/Q128493,Machete,http://www.wikidata.org/entity/Q188473,action film,2010
http://www.wikidata.org/entity/Q223830,Danny Trejo,male,http://www.wikidata.org/entity/Q128493,Machete,http://www.wikidata.org/entity/Q130232,drama film,2010
http://www.wikidata.org/entity/Q223830,Danny Trejo,male,http://www.wikidata.org/entity/Q128493,Machete,http://www.wikidata.org/entity/Q188473,action film,2010
http://www.wikidata.org/entity/Q3959303,Shea Whigham,male,http://www.wikidata.org/entity/Q128493,Machete,http://www.wikidata.org/entity/Q130232,drama film,2010
http://www.wikidata.org/entity/Q3959303,Shea Whigham,male,http://www.wikidata.org/entity/Q128493,Machete,http://www.wikidata.org/entity/Q188473,action film,2010
http://www.wikidata.org/entity/Q3959303,Shea Whigham,male,http://www.wikidata.org/entity/Q128493,Machete,http://www.wikidata.org/entity/Q130232,drama film,2010
http://www.wikidata.org/entity/Q3959303,Shea Whigham,male,http://www.wikidata.org/entity/Q128493,Machete,http://www.wikidata.org/entity/Q188473,action film,2010
http://www.wikidata.org/entity/Q44077,Jessica Alba,female,http://www.wikidata.org/entity/Q128493,Machete,http://www.wikidata.org/entity/Q319221,adventure film,2010
http://www.wikidata.org/entity/Q44077,Jessica Alba,female,http://www.wikidata.org/entity/Q128493,Machete,http://www.wikidata.org/entity/Q130232,drama film,2010
http://www.wikidata.org/entity/Q44077,Jessica Alba,female,http://www.wikidata.org/entity/Q128493,Machete,http://www.wikidata.org/entity/Q188473,action film,2010
http://www.wikidata.org/entity/Q44077,Jessica Alba,female,http://www.wikidata.org/entity/Q128493,Machete,http://www.wikidata.org/entity/Q319221,adventure film,2010
http://www.wikidata.org/entity/Q342665,Jeffrey Dean Morgan,male,http://www.wikidata.org/entity/Q49903,All Good Things,http://www.wikidata.org/entity/Q959790,crime film,2010
http://www.wikidata.org/entity/Q4025864,Ashlie Atkinson,female,http://www.wikidata.org/entity/Q49903,All Good Things,http://www.wikidata.org/entity/Q130232,drama film,2010
http://www.wikidata.org/entity/Q4025864,Ashlie Atkinson,female,http://www.wikidata.org/entity/Q49903,All Good Things,http://www.wikidata.org/entity/Q959790,crime film,2010
http://www.wikidata.org/entity/Q296883,Joe Pantoliano,male,http://www.wikidata.org/entity/Q244333,Percy Jackson & the Olympians: The Lightning Thief,http://www.wikidata.org/entity/Q157394,fantasy film,2010
http://www.wikidata.org/entity/Q296883,Joe Pantoliano,male,http://www.wikidata.org/entity/Q244333,Percy Jackson & the Olympians: The Lightning Thief,http://www.wikidata.org/entity/Q157394,fantasy film,2010
http://www.wikidata.org/entity/Q348738,Brandon T. Jackson,male,http://www.wikidata.org/entity/Q244333,Percy Jackson & the Olympians: The Lightning Thief,http://www.wikidata.org/entity/Q157394,fantasy film,2010
http://www.wikidata.org/entity/Q348738,Brandon T. Jackson,male,http://www.wikidata.org/entity/Q244333,Percy Jackson & the Olympians: The Lightning Thief,http://www.wikidata.org/entity/Q157394,fantasy film,2010
http://www.wikidata.org/entity/Q306403,James Franco,male,http://www.wikidata.org/entity/Q174371,127 Hours,http://www.wikidata.org/entity/Q130232,drama film,2010
http://www.wikidata.org/entity/Q348738,Brandon T. Jackson,male,http://www.wikidata.org/entity/Q143605,Tooth Fairy,http://www.wikidata.org/entity/Q157394,fantasy film,2010
http://www.wikidata.org/entity/Q10738,Dwayne Johnson,male,http://www.wikidata.org/entity/Q143605,Tooth Fairy,http://www.wikidata.org/entity/Q157394,fantasy film,2010
http://www.wikidata.org/entity/Q10738,Dwayne Johnson,male,http://www.wikidata.org/entity/Q143605,Tooth Fairy,http://www.wikidata.org/entity/Q157443,comedy film,2010
http://www.wikidata.org/entity/Q306403,James Franco,male,http://www.wikidata.org/entity/Q174371,127 Hours,http://www.wikidata.org/entity/Q645928,biographical film,2010
http://www.wikidata.org/entity/Q348738,Brandon T. Jackson,male,http://www.wikidata.org/entity/Q143605,Tooth Fairy,http://www.wikidata.org/entity/Q157443,comedy film,2010
http://www.wikidata.org/entity/Q348738,Brandon T. Jackson,male,http://www.wikidata.org/entity/Q143605,Tooth Fairy,http://www.wikidata.org/entity/Q157394,fantasy film,2010
http://www.wikidata.org/entity/Q348738,Brandon T. Jackson,male,http://www.wikidata.org/entity/Q143605,Tooth Fairy,http://www.wikidata.org/entity/Q157443,comedy film,2010
http://www.wikidata.org/entity/Q10738,Dwayne Johnson,male,http://www.wikidata.org/entity/Q143605,Tooth Fairy,http://www.wikidata.org/entity/Q157394,fantasy film,2010
http://www.wikidata.org/entity/Q10738,Dwayne Johnson,male,http://www.wikidata.org/entity/Q143605,Tooth Fairy,http://www.wikidata.org/entity/Q157443,comedy film,2010
http://www.wikidata.org/entity/Q4025864,Ashlie Atkinson,female,http://www.wikidata.org/entity/Q178966,The Invention of Lying,http://www.wikidata.org/entity/Q157394,fantasy film,2010
http://www.wikidata.org/entity/Q37876,Natalie Portman,female,http://www.wikidata.org/entity/Q180214,Black Swan,http://www.wikidata.org/entity/Q130232,drama film,2010
http://www.wikidata.org/entity/Q37876,Natalie Portman,female,http://www.wikidata.org/entity/Q180214,Black Swan,http://www.wikidata.org/entity/Q200092,horror film,2010
http://www.wikidata.org/entity/Q37876,Natalie Portman,female,http://www.wikidata.org/entity/Q180214,Black Swan,http://www.wikidata.org/entity/Q2484376,thriller film,2010
http://www.wikidata.org/entity/Q37876,Natalie Portman,female,http://www.wikidata.org/entity/Q180214,Black Swan,http://www.wikidata.org/entity/Q130232,drama film,2010
http://www.wikidata.org/entity/Q37876,Natalie Portman,female,http://www.wikidata.org/entity/Q180214,Black Swan,http://www.wikidata.org/entity/Q200092,horror film,2010
http://www.wikidata.org/entity/Q37876,Natalie Portman,female,http://www.wikidata.org/entity/Q180214,Black Swan,http://www.wikidata.org/entity/Q2484376,thriller film,2010
http://www.wikidata.org/entity/Q37876,Natalie Portman,female,http://www.wikidata.org/entity/Q180214,Black Swan,http://www.wikidata.org/entity/Q130232,drama film,2010
http://www.wikidata.org/entity/Q37876,Natalie Portman,female,http://www.wikidata.org/entity/Q180214,Black Swan,http://www.wikidata.org/entity/Q200092,horror film,2010
http://www.wikidata.org/entity/Q37876,Natalie Portman,female,http://www.wikidata.org/entity/Q180214,Black Swan,http://www.wikidata.org/entity/Q2484376,thriller film,2010
http://www.wikidata.org/entity/Q58444,Liam Neeson,male,http://www.wikidata.org/entity/Q263930,The Next Three Days,http://www.wikidata.org/entity/Q130232,drama film,2010
http://www.wikidata.org/entity/Q58444,Liam Neeson,male,http://www.wikidata.org/entity/Q263930,The Next Three Days,http://www.wikidata.org/entity/Q188473,action film,2010
http://www.wikidata.org/entity/Q552997,Lateef Crowder Dos Santos,male,http://www.wikidata.org/entity/Q274529,The Book of Eli,http://www.wikidata.org/entity/Q188473,action film,2010
http://www.wikidata.org/entity/Q552997,Lateef Crowder Dos Santos,male,http://www.wikidata.org/entity/Q274529,The Book of Eli,http://www.wikidata.org/entity/Q2484376,thriller film,2010
http://www.wikidata.org/entity/Q552997,Lateef Crowder Dos Santos,male,http://www.wikidata.org/entity/Q274529,The Book of Eli,http://www.wikidata.org/entity/Q188473,action film,2010
http://www.wikidata.org/entity/Q552997,Lateef Crowder Dos Santos,male,http://www.wikidata.org/entity/Q274529,The Book of Eli,http://www.wikidata.org/entity/Q2484376,thriller film,2010
http://www.wikidata.org/entity/Q552997,Lateef Crowder Dos Santos,male,http://www.wikidata.org/entity/Q274529,The Book of Eli,http://www.wikidata.org/entity/Q188473,action film,2010
http://www.wikidata.org/entity/Q552997,Lateef Crowder Dos Santos,male,http://www.wikidata.org/entity/Q274529,The Book of Eli,http://www.wikidata.org/entity/Q2484376,thriller film,2010
http://www.wikidata.org/entity/Q58444,Liam Neeson,male,http://www.wikidata.org/entity/Q263930,The Next Three Days,http://www.wikidata.org/entity/Q959790,crime film,2010
http://www.wikidata.org/entity/Q313043,Richard Jenkins,male,http://www.wikidata.org/entity/Q264869,Let Me In,http://www.wikidata.org/entity/Q130232,drama film,2010
http://www.wikidata.org/entity/Q313043,Richard Jenkins,male,http://www.wikidata.org/entity/Q264869,Let Me In,http://www.wikidata.org/entity/Q157394,fantasy film,2010
http://www.wikidata.org/entity/Q313043,Richard Jenkins,male,http://www.wikidata.org/entity/Q264869,Let Me In,http://www.wikidata.org/entity/Q200092,horror film,2010
http://www.wikidata.org/entity/Q313043,Richard Jenkins,male,http://www.wikidata.org/entity/Q264869,Let Me In,http://www.wikidata.org/entity/Q1200678,mystery film,2010
http://www.wikidata.org/entity/Q313043,Richard Jenkins,male,http://www.wikidata.org/entity/Q264869,Let Me In,http://www.wikidata.org/entity/Q130232,drama film,2010
http://www.wikidata.org/entity/Q313043,Richard Jenkins,male,http://www.wikidata.org/entity/Q264869,Let Me In,http://www.wikidata.org/entity/Q157394,fantasy film,2010
http://www.wikidata.org/entity/Q313043,Richard Jenkins,male,http://www.wikidata.org/entity/Q264869,Let Me In,http://www.wikidata.org/entity/Q200092,horror film,2010
http://www.wikidata.org/entity/Q313043,Richard Jenkins,male,http://www.wikidata.org/entity/Q264869,Let Me In,http://www.wikidata.org/entity/Q1200678,mystery film,2010
http://www.wikidata.org/entity/Q4025864,Ashlie Atkinson,female,http://www.wikidata.org/entity/Q186799,13,http://www.wikidata.org/entity/Q130232,drama film,2010
http://www.wikidata.org/entity/Q175535,Matt Damon,male,http://www.wikidata.org/entity/Q185490,Hereafter,http://www.wikidata.org/entity/Q130232,drama film,2010
http://www.wikidata.org/entity/Q175535,Matt Damon,male,http://www.wikidata.org/entity/Q185490,Hereafter,http://www.wikidata.org/entity/Q157394,fantasy film,2010
http://www.wikidata.org/entity/Q175535,Matt Damon,male,http://www.wikidata.org/entity/Q185490,Hereafter,http://www.wikidata.org/entity/Q130232,drama film,2010
http://www.wikidata.org/entity/Q175535,Matt Damon,male,http://www.wikidata.org/entity/Q185490,Hereafter,http://www.wikidata.org/entity/Q157394,fantasy film,2010
http://www.wikidata.org/entity/Q28493,Ralph Fiennes,male,http://www.wikidata.org/entity/Q183066,The Hurt Locker,http://www.wikidata.org/entity/Q130232,drama film,2010
http://www.wikidata.org/entity/Q28493,Ralph Fiennes,male,http://www.wikidata.org/entity/Q183066,The Hurt Locker,http://www.wikidata.org/entity/Q188473,action film,2010
http://www.wikidata.org/entity/Q6060,50 Cent,male,http://www.wikidata.org/entity/Q186799,13,http://www.wikidata.org/entity/Q130232,drama film,2010
http://www.wikidata.org/entity/Q28493,Ralph Fiennes,male,http://www.wikidata.org/entity/Q183066,The Hurt Locker,http://www.wikidata.org/entity/Q369747,war film,2010
http://www.wikidata.org/entity/Q165518,Ewan McGregor,male,http://www.wikidata.org/entity/Q461447,Amelia,http://www.wikidata.org/entity/Q130232,drama film,2010
http://www.wikidata.org/entity/Q165518,Ewan McGregor,male,http://www.wikidata.org/entity/Q461447,Amelia,http://www.wikidata.org/entity/Q645928,biographical film,2010
http://www.wikidata.org/entity/Q28493,Ralph Fiennes,male,http://www.wikidata.org/entity/Q192979,Clash of the Titans,http://www.wikidata.org/entity/Q130232,drama film,2010
http://www.wikidata.org/entity/Q28493,Ralph Fiennes,male,http://www.wikidata.org/entity/Q192979,Clash of the Titans,http://www.wikidata.org/entity/Q130232,drama film,2010
http://www.wikidata.org/entity/Q28493,Ralph Fiennes,male,http://www.wikidata.org/entity/Q192979,Clash of the Titans,http://www.wikidata.org/entity/Q130232,drama film,2010
http://www.wikidata.org/entity/Q28493,Ralph Fiennes,male,http://www.wikidata.org/entity/Q192979,Clash of the Titans,http://www.wikidata.org/entity/Q130232,drama film,2010
http://www.wikidata.org/entity/Q58444,Liam Neeson,male,http://www.wikidata.org/entity/Q192979,Clash of the Titans,http://www.wikidata.org/entity/Q130232,drama film,2010
http://www.wikidata.org/entity/Q58444,Liam Neeson,male,http://www.wikidata.org/entity/Q192979,Clash of the Titans,http://www.wikidata.org/entity/Q130232,drama film,2010
http://www.wikidata.org/entity/Q58444,Liam Neeson,male,http://www.wikidata.org/entity/Q192979,Clash of the Titans,http://www.wikidata.org/entity/Q130232,drama film,2010
http://www.wikidata.org/entity/Q58444,Liam Neeson,male,http://www.wikidata.org/entity/Q192979,Clash of the Titans,http://www.wikidata.org/entity/Q130232,drama film,2010
http://www.wikidata.org/entity/Q218210,Zoe Kazan,female,http://www.wikidata.org/entity/Q287599,Me and Orson Welles,http://www.wikidata.org/entity/Q130232,drama film,2010
http://www.wikidata.org/entity/Q80405,Julianne Moore,female,http://www.wikidata.org/entity/Q300559,A Single Man,http://www.wikidata.org/entity/Q130232,drama film,2010
http://www.wikidata.org/entity/Q80405,Julianne Moore,female,http://www.wikidata.org/entity/Q300559,A Single Man,http://www.wikidata.org/entity/Q130232,drama film,2010
http://www.wikidata.org/entity/Q28493,Ralph Fiennes,male,http://www.wikidata.org/entity/Q192979,Clash of the Titans,http://www.wikidata.org/entity/Q157394,fantasy film,2010
http://www.wikidata.org/entity/Q28493,Ralph Fiennes,male,http://www.wikidata.org/entity/Q192979,Clash of the Titans,http://www.wikidata.org/entity/Q188473,action film,2010
http://www.wikidata.org/entity/Q28493,Ralph Fiennes,male,http://www.wikidata.org/entity/Q192979,Clash of the Titans,http://www.wikidata.org/entity/Q157394,fantasy film,2010
http://www.wikidata.org/entity/Q28493,Ralph Fiennes,male,http://www.wikidata.org/entity/Q192979,Clash of the Titans,http://www.wikidata.org/entity/Q188473,action film,2010
http://www.wikidata.org/entity/Q58444,Liam Neeson,male,http://www.wikidata.org/entity/Q192979,Clash of the Titans,http://www.wikidata.org/entity/Q157394,fantasy film,2010
http://www.wikidata.org/entity/Q58444,Liam Neeson,male,http://www.wikidata.org/entity/Q192979,Clash of the Titans,http://www.wikidata.org/entity/Q188473,action film,2010
http://www.wikidata.org/entity/Q58444,Liam Neeson,male,http://www.wikidata.org/entity/Q192979,Clash of the Titans,http://www.wikidata.org/entity/Q157394,fantasy film,2010
http://www.wikidata.org/entity/Q58444,Liam Neeson,male,http://www.wikidata.org/entity/Q192979,Clash of the Titans,http://www.wikidata.org/entity/Q188473,action film,2010
http://www.wikidata.org/entity/Q28493,Ralph Fiennes,male,http://www.wikidata.org/entity/Q192979,Clash of the Titans,http://www.wikidata.org/entity/Q157394,fantasy film,2010
http://www.wikidata.org/entity/Q28493,Ralph Fiennes,male,http://www.wikidata.org/entity/Q192979,Clash of the Titans,http://www.wikidata.org/entity/Q188473,action film,2010
http://www.wikidata.org/entity/Q28493,Ralph Fiennes,male,http://www.wikidata.org/entity/Q192979,Clash of the Titans,http://www.wikidata.org/entity/Q157394,fantasy film,2010
http://www.wikidata.org/entity/Q28493,Ralph Fiennes,male,http://www.wikidata.org/entity/Q192979,Clash of the Titans,http://www.wikidata.org/entity/Q188473,action film,2010
http://www.wikidata.org/entity/Q58444,Liam Neeson,male,http://www.wikidata.org/entity/Q192979,Clash of the Titans,http://www.wikidata.org/entity/Q157394,fantasy film,2010
http://www.wikidata.org/entity/Q58444,Liam Neeson,male,http://www.wikidata.org/entity/Q192979,Clash of the Titans,http://www.wikidata.org/entity/Q188473,action film,2010
http://www.wikidata.org/entity/Q58444,Liam Neeson,male,http://www.wikidata.org/entity/Q192979,Clash of the Titans,http://www.wikidata.org/entity/Q157394,fantasy film,2010
http://www.wikidata.org/entity/Q58444,Liam Neeson,male,http://www.wikidata.org/entity/Q192979,Clash of the Titans,http://www.wikidata.org/entity/Q188473,action film,2010
http://www.wikidata.org/entity/Q150482,J. K. Simmons,male,http://www.wikidata.org/entity/Q300326,A Beginner's Guide to Endings,http://www.wikidata.org/entity/Q130232,drama film,2010
http://www.wikidata.org/entity/Q150482,J. K. Simmons,male,http://www.wikidata.org/entity/Q300326,A Beginner's Guide to Endings,http://www.wikidata.org/entity/Q157443,comedy film,2010
http://www.wikidata.org/entity/Q10738,Dwayne Johnson,male,http://www.wikidata.org/entity/Q376807,The Other Guys,http://www.wikidata.org/entity/Q157443,comedy film,2010
http://www.wikidata.org/entity/Q10738,Dwayne Johnson,male,http://www.wikidata.org/entity/Q376807,The Other Guys,http://www.wikidata.org/entity/Q188473,action film,2010
http://www.wikidata.org/entity/Q10738,Dwayne Johnson,male,http://www.wikidata.org/entity/Q376807,The Other Guys,http://www.wikidata.org/entity/Q188473,action film,2010
http://www.wikidata.org/entity/Q10738,Dwayne Johnson,male,http://www.wikidata.org/entity/Q376807,The Other Guys,http://www.wikidata.org/entity/Q157443,comedy film,2010
http://www.wikidata.org/entity/Q10738,Dwayne Johnson,male,http://www.wikidata.org/entity/Q376807,The Other Guys,http://www.wikidata.org/entity/Q188473,action film,2010
http://www.wikidata.org/entity/Q10738,Dwayne Johnson,male,http://www.wikidata.org/entity/Q376807,The Other Guys,http://www.wikidata.org/entity/Q157443,comedy film,2010
http://www.wikidata.org/entity/Q230523,Juliette Lewis,female,http://www.wikidata.org/entity/Q303213,Whip It,http://www.wikidata.org/entity/Q130232,drama film,2010
http://www.wikidata.org/entity/Q306403,James Franco,male,http://www.wikidata.org/entity/Q304030,Eat Pray Love,http://www.wikidata.org/entity/Q130232,drama film,2010
http://www.wikidata.org/entity/Q306403,James Franco,male,http://www.wikidata.org/entity/Q304030,Eat Pray Love,http://www.wikidata.org/entity/Q645928,biographical film,2010
http://www.wikidata.org/entity/Q306403,James Franco,male,http://www.wikidata.org/entity/Q304030,Eat Pray Love,http://www.wikidata.org/entity/Q130232,drama film,2010
http://www.wikidata.org/entity/Q306403,James Franco,male,http://www.wikidata.org/entity/Q304030,Eat Pray Love,http://www.wikidata.org/entity/Q645928,biographical film,2010
http://www.wikidata.org/entity/Q313043,Richard Jenkins,male,http://www.wikidata.org/entity/Q304030,Eat Pray Love,http://www.wikidata.org/entity/Q130232,drama film,2010
http://www.wikidata.org/entity/Q313043,Richard Jenkins,male,http://www.wikidata.org/entity/Q304030,Eat Pray Love,http://www.wikidata.org/entity/Q645928,biographical film,2010
http://www.wikidata.org/entity/Q313043,Richard Jenkins,male,http://www.wikidata.org/entity/Q304030,Eat Pray Love,http://www.wikidata.org/entity/Q130232,drama film,2010
http://www.wikidata.org/entity/Q313043,Richard Jenkins,male,http://www.wikidata.org/entity/Q304030,Eat Pray Love,http://www.wikidata.org/entity/Q645928,biographical film,2010
http://www.wikidata.org/entity/Q2638642,Natalie Gal,female,http://www.wikidata.org/entity/Q304030,Eat Pray Love,http://www.wikidata.org/entity/Q130232,drama film,2010
http://www.wikidata.org/entity/Q2638642,Natalie Gal,female,http://www.wikidata.org/entity/Q304030,Eat Pray Love,http://www.wikidata.org/entity/Q645928,biographical film,2010
http://www.wikidata.org/entity/Q2638642,Natalie Gal,female,http://www.wikidata.org/entity/Q304030,Eat Pray Love,http://www.wikidata.org/entity/Q130232,drama film,2010
http://www.wikidata.org/entity/Q2638642,Natalie Gal,female,http://www.wikidata.org/entity/Q304030,Eat Pray Love,http://www.wikidata.org/entity/Q645928,biographical film,2010
http://www.wikidata.org/entity/Q4025864,Ashlie Atkinson,female,http://www.wikidata.org/entity/Q304030,Eat Pray Love,http://www.wikidata.org/entity/Q130232,drama film,2010
http://www.wikidata.org/entity/Q4025864,Ashlie Atkinson,female,http://www.wikidata.org/entity/Q304030,Eat Pray Love,http://www.wikidata.org/entity/Q645928,biographical film,2010
http://www.wikidata.org/entity/Q4025864,Ashlie Atkinson,female,http://www.wikidata.org/entity/Q304030,Eat Pray Love,http://www.wikidata.org/entity/Q130232,drama film,2010
http://www.wikidata.org/entity/Q4025864,Ashlie Atkinson,female,http://www.wikidata.org/entity/Q304030,Eat Pray Love,http://www.wikidata.org/entity/Q645928,biographical film,2010
http://www.wikidata.org/entity/Q223830,Danny Trejo,male,http://www.wikidata.org/entity/Q380667,Predators,http://www.wikidata.org/entity/Q188473,action film,2010
http://www.wikidata.org/entity/Q223830,Danny Trejo,male,http://www.wikidata.org/entity/Q380667,Predators,http://www.wikidata.org/entity/Q200092,horror film,2010
http://www.wikidata.org/entity/Q223830,Danny Trejo,male,http://www.wikidata.org/entity/Q380667,Predators,http://www.wikidata.org/entity/Q188473,action film,2010
http://www.wikidata.org/entity/Q223830,Danny Trejo,male,http://www.wikidata.org/entity/Q380667,Predators,http://www.wikidata.org/entity/Q200092,horror film,2010
http://www.wikidata.org/entity/Q223830,Danny Trejo,male,http://www.wikidata.org/entity/Q380667,Predators,http://www.wikidata.org/entity/Q188473,action film,2010
http://www.wikidata.org/entity/Q223830,Danny Trejo,male,http://www.wikidata.org/entity/Q380667,Predators,http://www.wikidata.org/entity/Q200092,horror film,2010
http://www.wikidata.org/entity/Q223830,Danny Trejo,male,http://www.wikidata.org/entity/Q380667,Predators,http://www.wikidata.org/entity/Q188473,action film,2010
http://www.wikidata.org/entity/Q223830,Danny Trejo,male,http://www.wikidata.org/entity/Q380667,Predators,http://www.wikidata.org/entity/Q200092,horror film,2010
http://www.wikidata.org/entity/Q223830,Danny Trejo,male,http://www.wikidata.org/entity/Q380667,Predators,http://www.wikidata.org/entity/Q319221,adventure film,2010
http://www.wikidata.org/entity/Q223830,Danny Trejo,male,http://www.wikidata.org/entity/Q380667,Predators,http://www.wikidata.org/entity/Q2484376,thriller film,2010
http://www.wikidata.org/entity/Q223830,Danny Trejo,male,http://www.wikidata.org/entity/Q380667,Predators,http://www.wikidata.org/entity/Q319221,adventure film,2010
http://www.wikidata.org/entity/Q223830,Danny Trejo,male,http://www.wikidata.org/entity/Q380667,Predators,http://www.wikidata.org/entity/Q2484376,thriller film,2010
http://www.wikidata.org/entity/Q223830,Danny Trejo,male,http://www.wikidata.org/entity/Q380667,Predators,http://www.wikidata.org/entity/Q319221,adventure film,2010
http://www.wikidata.org/entity/Q223830,Danny Trejo,male,http://www.wikidata.org/entity/Q380667,Predators,http://www.wikidata.org/entity/Q2484376,thriller film,2010
http://www.wikidata.org/entity/Q223830,Danny Trejo,male,http://www.wikidata.org/entity/Q380667,Predators,http://www.wikidata.org/entity/Q319221,adventure film,2010
http://www.wikidata.org/entity/Q80405,Julianne Moore,female,http://www.wikidata.org/entity/Q380841,The Kids Are All Right,http://www.wikidata.org/entity/Q130232,drama film,2010
http://www.wikidata.org/entity/Q80405,Julianne Moore,female,http://www.wikidata.org/entity/Q380841,The Kids Are All Right,http://www.wikidata.org/entity/Q157443,comedy film,2010
http://www.wikidata.org/entity/Q80405,Julianne Moore,female,http://www.wikidata.org/entity/Q380841,The Kids Are All Right,http://www.wikidata.org/entity/Q130232,drama film,2010
http://www.wikidata.org/entity/Q80405,Julianne Moore,female,http://www.wikidata.org/entity/Q380841,The Kids Are All Right,http://www.wikidata.org/entity/Q157443,comedy film,2010
http://www.wikidata.org/entity/Q80405,Julianne Moore,female,http://www.wikidata.org/entity/Q380841,The Kids Are All Right,http://www.wikidata.org/entity/Q130232,drama film,2010
http://www.wikidata.org/entity/Q80405,Julianne Moore,female,http://www.wikidata.org/entity/Q380841,The Kids Are All Right,http://www.wikidata.org/entity/Q157443,comedy film,2010
http://www.wikidata.org/entity/Q223830,Danny Trejo,male,http://www.wikidata.org/entity/Q380667,Predators,http://www.wikidata.org/entity/Q2484376,thriller film,2010
http://www.wikidata.org/entity/Q10738,Dwayne Johnson,male,http://www.wikidata.org/entity/Q524212,You Again,http://www.wikidata.org/entity/Q157443,comedy film,2010
http://www.wikidata.org/entity/Q10738,Dwayne Johnson,male,http://www.wikidata.org/entity/Q524212,You Again,http://www.wikidata.org/entity/Q157443,comedy film,2010
http://www.wikidata.org/entity/Q10738,Dwayne Johnson,male,http://www.wikidata.org/entity/Q524212,You Again,http://www.wikidata.org/entity/Q157443,comedy film,2010
http://www.wikidata.org/entity/Q58444,Liam Neeson,male,http://www.wikidata.org/entity/Q471746,The A-Team,http://www.wikidata.org/entity/Q188473,action film,2010
http://www.wikidata.org/entity/Q58444,Liam Neeson,male,http://www.wikidata.org/entity/Q471746,The A-Team,http://www.wikidata.org/entity/Q188473,action film,2010
http://www.wikidata.org/entity/Q58444,Liam Neeson,male,http://www.wikidata.org/entity/Q471746,The A-Team,http://www.wikidata.org/entity/Q188473,action film,2010
http://www.wikidata.org/entity/Q270664,Victor Garber,male,http://www.wikidata.org/entity/Q524212,You Again,http://www.wikidata.org/entity/Q157443,comedy film,2010
http://www.wikidata.org/entity/Q270664,Victor Garber,male,http://www.wikidata.org/entity/Q524212,You Again,http://www.wikidata.org/entity/Q157443,comedy film,2010
http://www.wikidata.org/entity/Q270664,Victor Garber,male,http://www.wikidata.org/entity/Q524212,You Again,http://www.wikidata.org/entity/Q157443,comedy film,2010
http://www.wikidata.org/entity/Q205707,Bradley Cooper,male,http://www.wikidata.org/entity/Q471746,The A-Team,http://www.wikidata.org/entity/Q188473,action film,2010
http://www.wikidata.org/entity/Q205707,Bradley Cooper,male,http://www.wikidata.org/entity/Q471746,The A-Team,http://www.wikidata.org/entity/Q319221,adventure film,2010
http://www.wikidata.org/entity/Q205707,Bradley Cooper,male,http://www.wikidata.org/entity/Q471746,The A-Team,http://www.wikidata.org/entity/Q188473,action film,2010
http://www.wikidata.org/entity/Q205707,Bradley Cooper,male,http://www.wikidata.org/entity/Q471746,The A-Team,http://www.wikidata.org/entity/Q319221,adventure film,2010
http://www.wikidata.org/entity/Q205707,Bradley Cooper,male,http://www.wikidata.org/entity/Q471746,The A-Team,http://www.wikidata.org/entity/Q188473,action film,2010
http://www.wikidata.org/entity/Q205707,Bradley Cooper,male,http://www.wikidata.org/entity/Q471746,The A-Team,http://www.wikidata.org/entity/Q319221,adventure film,2010
http://www.wikidata.org/entity/Q351290,Patrick Wilson,male,http://www.wikidata.org/entity/Q471746,The A-Team,http://www.wikidata.org/entity/Q188473,action film,2010
http://www.wikidata.org/entity/Q351290,Patrick Wilson,male,http://www.wikidata.org/entity/Q471746,The A-Team,http://www.wikidata.org/entity/Q319221,adventure film,2010
http://www.wikidata.org/entity/Q351290,Patrick Wilson,male,http://www.wikidata.org/entity/Q471746,The A-Team,http://www.wikidata.org/entity/Q188473,action film,2010
http://www.wikidata.org/entity/Q351290,Patrick Wilson,male,http://www.wikidata.org/entity/Q471746,The A-Team,http://www.wikidata.org/entity/Q319221,adventure film,2010
http://www.wikidata.org/entity/Q351290,Patrick Wilson,male,http://www.wikidata.org/entity/Q471746,The A-Team,http://www.wikidata.org/entity/Q188473,action film,2010
http://www.wikidata.org/entity/Q351290,Patrick Wilson,male,http://www.wikidata.org/entity/Q471746,The A-Team,http://www.wikidata.org/entity/Q319221,adventure film,2010
http://www.wikidata.org/entity/Q58444,Liam Neeson,male,http://www.wikidata.org/entity/Q471746,The A-Team,http://www.wikidata.org/entity/Q319221,adventure film,2010
http://www.wikidata.org/entity/Q58444,Liam Neeson,male,http://www.wikidata.org/entity/Q471746,The A-Team,http://www.wikidata.org/entity/Q319221,adventure film,2010
http://www.wikidata.org/entity/Q58444,Liam Neeson,male,http://www.wikidata.org/entity/Q471746,The A-Team,http://www.wikidata.org/entity/Q319221,adventure film,2010
http://www.wikidata.org/entity/Q150482,J. K. Simmons,male,http://www.wikidata.org/entity/Q326114,True Grit,http://www.wikidata.org/entity/Q130232,drama film,2010
http://www.wikidata.org/entity/Q150482,J. K. Simmons,male,http://www.wikidata.org/entity/Q326114,True Grit,http://www.wikidata.org/entity/Q319221,adventure film,2010
http://www.wikidata.org/entity/Q175535,Matt Damon,male,http://www.wikidata.org/entity/Q326114,True Grit,http://www.wikidata.org/entity/Q130232,drama film,2010
http://www.wikidata.org/entity/Q175535,Matt Damon,male,http://www.wikidata.org/entity/Q326114,True Grit,http://www.wikidata.org/entity/Q319221,adventure film,2010
http://www.wikidata.org/entity/Q41396,Josh Brolin,male,http://www.wikidata.org/entity/Q326114,True Grit,http://www.wikidata.org/entity/Q130232,drama film,2010
http://www.wikidata.org/entity/Q41396,Josh Brolin,male,http://www.wikidata.org/entity/Q326114,True Grit,http://www.wikidata.org/entity/Q319221,adventure film,2010
http://www.wikidata.org/entity/Q229410,Melissa Leo,female,http://www.wikidata.org/entity/Q323472,The Fighter,http://www.wikidata.org/entity/Q130232,drama film,2010
http://www.wikidata.org/entity/Q229410,Melissa Leo,female,http://www.wikidata.org/entity/Q323472,The Fighter,http://www.wikidata.org/entity/Q645928,biographical film,2010
http://www.wikidata.org/entity/Q2685,Arnold Schwarzenegger,male,http://www.wikidata.org/entity/Q330663,My Name Is Khan,http://www.wikidata.org/entity/Q959790,crime film,2010
http://www.wikidata.org/entity/Q2685,Arnold Schwarzenegger,male,http://www.wikidata.org/entity/Q330663,My Name Is Khan,http://www.wikidata.org/entity/Q1200678,mystery film,2010
http://www.wikidata.org/entity/Q2685,Arnold Schwarzenegger,male,http://www.wikidata.org/entity/Q330663,My Name Is Khan,http://www.wikidata.org/entity/Q2484376,thriller film,2010
http://www.wikidata.org/entity/Q2685,Arnold Schwarzenegger,male,http://www.wikidata.org/entity/Q330663,My Name Is Khan,http://www.wikidata.org/entity/Q959790,crime film,2010
http://www.wikidata.org/entity/Q2685,Arnold Schwarzenegger,male,http://www.wikidata.org/entity/Q330663,My Name Is Khan,http://www.wikidata.org/entity/Q1200678,mystery film,2010
http://www.wikidata.org/entity/Q2685,Arnold Schwarzenegger,male,http://www.wikidata.org/entity/Q330663,My Name Is Khan,http://www.wikidata.org/entity/Q2484376,thriller film,2010
http://www.wikidata.org/entity/Q2685,Arnold Schwarzenegger,male,http://www.wikidata.org/entity/Q330663,My Name Is Khan,http://www.wikidata.org/entity/Q959790,crime film,2010
http://www.wikidata.org/entity/Q2638642,Natalie Gal,female,http://www.wikidata.org/entity/Q326526,Wall Street: Money Never Sleeps,http://www.wikidata.org/entity/Q130232,drama film,2010
http://www.wikidata.org/entity/Q2638642,Natalie Gal,female,http://www.wikidata.org/entity/Q326526,Wall Street: Money Never Sleeps,http://www.wikidata.org/entity/Q130232,drama film,2010
http://www.wikidata.org/entity/Q2638642,Natalie Gal,female,http://www.wikidata.org/entity/Q326526,Wall Street: Money Never Sleeps,http://www.wikidata.org/entity/Q130232,drama film,2010
http://www.wikidata.org/entity/Q41396,Josh Brolin,male,http://www.wikidata.org/entity/Q326526,Wall Street: Money Never Sleeps,http://www.wikidata.org/entity/Q130232,drama film,2010
http://www.wikidata.org/entity/Q41396,Josh Brolin,male,http://www.wikidata.org/entity/Q326526,Wall Street: Money Never Sleeps,http://www.wikidata.org/entity/Q130232,drama film,2010
http://www.wikidata.org/entity/Q41396,Josh Brolin,male,http://www.wikidata.org/entity/Q326526,Wall Street: Money Never Sleeps,http://www.wikidata.org/entity/Q130232,drama film,2010
http://www.wikidata.org/entity/Q2685,Arnold Schwarzenegger,male,http://www.wikidata.org/entity/Q330663,My Name Is Khan,http://www.wikidata.org/entity/Q1200678,mystery film,2010
http://www.wikidata.org/entity/Q2685,Arnold Schwarzenegger,male,http://www.wikidata.org/entity/Q330663,My Name Is Khan,http://www.wikidata.org/entity/Q2484376,thriller film,2010
http://www.wikidata.org/entity/Q2685,Arnold Schwarzenegger,male,http://www.wikidata.org/entity/Q330663,My Name Is Khan,http://www.wikidata.org/entity/Q959790,crime film,2010
http://www.wikidata.org/entity/Q2685,Arnold Schwarzenegger,male,http://www.wikidata.org/entity/Q330663,My Name Is Khan,http://www.wikidata.org/entity/Q1200678,mystery film,2010
http://www.wikidata.org/entity/Q2685,Arnold Schwarzenegger,male,http://www.wikidata.org/entity/Q330663,My Name Is Khan,http://www.wikidata.org/entity/Q2484376,thriller film,2010
http://www.wikidata.org/entity/Q2685,Arnold Schwarzenegger,male,http://www.wikidata.org/entity/Q330663,My Name Is Khan,http://www.wikidata.org/entity/Q959790,crime film,2010
http://www.wikidata.org/entity/Q2685,Arnold Schwarzenegger,male,http://www.wikidata.org/entity/Q330663,My Name Is Khan,http://www.wikidata.org/entity/Q1200678,mystery film,2010
http://www.wikidata.org/entity/Q2685,Arnold Schwarzenegger,male,http://www.wikidata.org/entity/Q330663,My Name Is Khan,http://www.wikidata.org/entity/Q2484376,thriller film,2010
http://www.wikidata.org/entity/Q2685,Arnold Schwarzenegger,male,http://www.wikidata.org/entity/Q330663,My Name Is Khan,http://www.wikidata.org/entity/Q959790,crime film,2010
http://www.wikidata.org/entity/Q2685,Arnold Schwarzenegger,male,http://www.wikidata.org/entity/Q330663,My Name Is Khan,http://www.wikidata.org/entity/Q1200678,mystery film,2010
http://www.wikidata.org/entity/Q2685,Arnold Schwarzenegger,male,http://www.wikidata.org/entity/Q330663,My Name Is Khan,http://www.wikidata.org/entity/Q2484376,thriller film,2010
http://www.wikidata.org/entity/Q2685,Arnold Schwarzenegger,male,http://www.wikidata.org/entity/Q330663,My Name Is Khan,http://www.wikidata.org/entity/Q959790,crime film,2010
http://www.wikidata.org/entity/Q2685,Arnold Schwarzenegger,male,http://www.wikidata.org/entity/Q330663,My Name Is Khan,http://www.wikidata.org/entity/Q1200678,mystery film,2010
http://www.wikidata.org/entity/Q2685,Arnold Schwarzenegger,male,http://www.wikidata.org/entity/Q330663,My Name Is Khan,http://www.wikidata.org/entity/Q2484376,thriller film,2010
http://www.wikidata.org/entity/Q2685,Arnold Schwarzenegger,male,http://www.wikidata.org/entity/Q330663,My Name Is Khan,http://www.wikidata.org/entity/Q959790,crime film,2010
http://www.wikidata.org/entity/Q2685,Arnold Schwarzenegger,male,http://www.wikidata.org/entity/Q330663,My Name Is Khan,http://www.wikidata.org/entity/Q1200678,mystery film,2010
http://www.wikidata.org/entity/Q2685,Arnold Schwarzenegger,male,http://www.wikidata.org/entity/Q330663,My Name Is Khan,http://www.wikidata.org/entity/Q2484376,thriller film,2010
http://www.wikidata.org/entity/Q2685,Arnold Schwarzenegger,male,http://www.wikidata.org/entity/Q330663,My Name Is Khan,http://www.wikidata.org/entity/Q959790,crime film,2010
http://www.wikidata.org/entity/Q2685,Arnold Schwarzenegger,male,http://www.wikidata.org/entity/Q330663,My Name Is Khan,http://www.wikidata.org/entity/Q1200678,mystery film,2010
http://www.wikidata.org/entity/Q2685,Arnold Schwarzenegger,male,http://www.wikidata.org/entity/Q330663,My Name Is Khan,http://www.wikidata.org/entity/Q2484376,thriller film,2010
http://www.wikidata.org/entity/Q139325,Zach Galifianakis,male,http://www.wikidata.org/entity/Q569941,Due Date,http://www.wikidata.org/entity/Q157443,comedy film,2010
http://www.wikidata.org/entity/Q230523,Juliette Lewis,female,http://www.wikidata.org/entity/Q569941,Due Date,http://www.wikidata.org/entity/Q157443,comedy film,2010
http://www.wikidata.org/entity/Q1148822,T. J. Miller,male,http://www.wikidata.org/entity/Q570271,Yogi Bear,http://www.wikidata.org/entity/Q319221,adventure film,2010
http://www.wikidata.org/entity/Q1148822,T. J. Miller,male,http://www.wikidata.org/entity/Q570271,Yogi Bear,http://www.wikidata.org/entity/Q1361932,family film,2010
http://www.wikidata.org/entity/Q1148822,T. J. Miller,male,http://www.wikidata.org/entity/Q570271,Yogi Bear,http://www.wikidata.org/entity/Q157443,comedy film,2010
http://www.wikidata.org/entity/Q1148822,T. J. Miller,male,http://www.wikidata.org/entity/Q570271,Yogi Bear,http://www.wikidata.org/entity/Q319221,adventure film,2010
http://www.wikidata.org/entity/Q1148822,T. J. Miller,male,http://www.wikidata.org/entity/Q570271,Yogi Bear,http://www.wikidata.org/entity/Q1361932,family film,2010
http://www.wikidata.org/entity/Q2680,Bruce Willis,male,http://www.wikidata.org/entity/Q206374,The Expendables,http://www.wikidata.org/entity/Q188473,action film,2010
http://www.wikidata.org/entity/Q2685,Arnold Schwarzenegger,male,http://www.wikidata.org/entity/Q206374,The Expendables,http://www.wikidata.org/entity/Q188473,action film,2010
http://www.wikidata.org/entity/Q207969,Eric Roberts,male,http://www.wikidata.org/entity/Q206374,The Expendables,http://www.wikidata.org/entity/Q2484376,thriller film,2010
http://www.wikidata.org/entity/Q271464,Terry Crews,male,http://www.wikidata.org/entity/Q206374,The Expendables,http://www.wikidata.org/entity/Q188473,action film,2010
http://www.wikidata.org/entity/Q271464,Terry Crews,male,http://www.wikidata.org/entity/Q206374,The Expendables,http://www.wikidata.org/entity/Q2484376,thriller film,2010
http://www.wikidata.org/entity/Q2680,Bruce Willis,male,http://www.wikidata.org/entity/Q206374,The Expendables,http://www.wikidata.org/entity/Q2484376,thriller film,2010
http://www.wikidata.org/entity/Q2685,Arnold Schwarzenegger,male,http://www.wikidata.org/entity/Q206374,The Expendables,http://www.wikidata.org/entity/Q2484376,thriller film,2010
http://www.wikidata.org/entity/Q207969,Eric Roberts,male,http://www.wikidata.org/entity/Q206374,The Expendables,http://www.wikidata.org/entity/Q188473,action film,2010
http://www.wikidata.org/entity/Q207969,Eric Roberts,male,http://www.wikidata.org/entity/Q206374,The Expendables,http://www.wikidata.org/entity/Q2484376,thriller film,2010
http://www.wikidata.org/entity/Q207969,Eric Roberts,male,http://www.wikidata.org/entity/Q206374,The Expendables,http://www.wikidata.org/entity/Q188473,action film,2010
http://www.wikidata.org/entity/Q207969,Eric Roberts,male,http://www.wikidata.org/entity/Q206374,The Expendables,http://www.wikidata.org/entity/Q2484376,thriller film,2010
http://www.wikidata.org/entity/Q207969,Eric Roberts,male,http://www.wikidata.org/entity/Q206374,The Expendables,http://www.wikidata.org/entity/Q188473,action film,2010
http://www.wikidata.org/entity/Q207969,Eric Roberts,male,http://www.wikidata.org/entity/Q206374,The Expendables,http://www.wikidata.org/entity/Q2484376,thriller film,2010
http://www.wikidata.org/entity/Q207969,Eric Roberts,male,http://www.wikidata.org/entity/Q206374,The Expendables,http://www.wikidata.org/entity/Q188473,action film,2010
http://www.wikidata.org/entity/Q271464,Terry Crews,male,http://www.wikidata.org/entity/Q206374,The Expendables,http://www.wikidata.org/entity/Q188473,action film,2010
http://www.wikidata.org/entity/Q271464,Terry Crews,male,http://www.wikidata.org/entity/Q206374,The Expendables,http://www.wikidata.org/entity/Q2484376,thriller film,2010
http://www.wikidata.org/entity/Q271464,Terry Crews,male,http://www.wikidata.org/entity/Q206374,The Expendables,http://www.wikidata.org/entity/Q188473,action film,2010
http://www.wikidata.org/entity/Q271464,Terry Crews,male,http://www.wikidata.org/entity/Q206374,The Expendables,http://www.wikidata.org/entity/Q2484376,thriller film,2010
http://www.wikidata.org/entity/Q271464,Terry Crews,male,http://www.wikidata.org/entity/Q206374,The Expendables,http://www.wikidata.org/entity/Q188473,action film,2010
http://www.wikidata.org/entity/Q271464,Terry Crews,male,http://www.wikidata.org/entity/Q206374,The Expendables,http://www.wikidata.org/entity/Q2484376,thriller film,2010
http://www.wikidata.org/entity/Q718343,Gary Daniels,male,http://www.wikidata.org/entity/Q206374,The Expendables,http://www.wikidata.org/entity/Q188473,action film,2010
http://www.wikidata.org/entity/Q718343,Gary Daniels,male,http://www.wikidata.org/entity/Q206374,The Expendables,http://www.wikidata.org/entity/Q2484376,thriller film,2010
http://www.wikidata.org/entity/Q718343,Gary Daniels,male,http://www.wikidata.org/entity/Q206374,The Expendables,http://www.wikidata.org/entity/Q188473,action film,2010
http://www.wikidata.org/entity/Q718343,Gary Daniels,male,http://www.wikidata.org/entity/Q206374,The Expendables,http://www.wikidata.org/entity/Q2484376,thriller film,2010
http://www.wikidata.org/entity/Q718343,Gary Daniels,male,http://www.wikidata.org/entity/Q206374,The Expendables,http://www.wikidata.org/entity/Q188473,action film,2010
http://www.wikidata.org/entity/Q718343,Gary Daniels,male,http://www.wikidata.org/entity/Q206374,The Expendables,http://www.wikidata.org/entity/Q2484376,thriller film,2010
http://www.wikidata.org/entity/Q2680,Bruce Willis,male,http://www.wikidata.org/entity/Q206374,The Expendables,http://www.wikidata.org/entity/Q2484376,thriller film,2010
http://www.wikidata.org/entity/Q2680,Bruce Willis,male,http://www.wikidata.org/entity/Q206374,The Expendables,http://www.wikidata.org/entity/Q188473,action film,2010
http://www.wikidata.org/entity/Q2680,Bruce Willis,male,http://www.wikidata.org/entity/Q206374,The Expendables,http://www.wikidata.org/entity/Q2484376,thriller film,2010
http://www.wikidata.org/entity/Q2680,Bruce Willis,male,http://www.wikidata.org/entity/Q206374,The Expendables,http://www.wikidata.org/entity/Q188473,action film,2010
http://www.wikidata.org/entity/Q2680,Bruce Willis,male,http://www.wikidata.org/entity/Q206374,The Expendables,http://www.wikidata.org/entity/Q2484376,thriller film,2010
http://www.wikidata.org/entity/Q2680,Bruce Willis,male,http://www.wikidata.org/entity/Q206374,The Expendables,http://www.wikidata.org/entity/Q188473,action film,2010
http://www.wikidata.org/entity/Q2685,Arnold Schwarzenegger,male,http://www.wikidata.org/entity/Q206374,The Expendables,http://www.wikidata.org/entity/Q2484376,thriller film,2010
http://www.wikidata.org/entity/Q2685,Arnold Schwarzenegger,male,http://www.wikidata.org/entity/Q206374,The Expendables,http://www.wikidata.org/entity/Q188473,action film,2010
http://www.wikidata.org/entity/Q2685,Arnold Schwarzenegger,male,http://www.wikidata.org/entity/Q206374,The Expendables,http://www.wikidata.org/entity/Q2484376,thriller film,2010
http://www.wikidata.org/entity/Q2685,Arnold Schwarzenegger,male,http://www.wikidata.org/entity/Q206374,The Expendables,http://www.wikidata.org/entity/Q188473,action film,2010
http://www.wikidata.org/entity/Q2685,Arnold Schwarzenegger,male,http://www.wikidata.org/entity/Q206374,The Expendables,http://www.wikidata.org/entity/Q2484376,thriller film,2010
http://www.wikidata.org/entity/Q2685,Arnold Schwarzenegger,male,http://www.wikidata.org/entity/Q206374,The Expendables,http://www.wikidata.org/entity/Q188473,action film,2010
http://www.wikidata.org/entity/Q718343,Gary Daniels,male,http://www.wikidata.org/entity/Q206374,The Expendables,http://www.wikidata.org/entity/Q188473,action film,2010
http://www.wikidata.org/entity/Q718343,Gary Daniels,male,http://www.wikidata.org/entity/Q206374,The Expendables,http://www.wikidata.org/entity/Q2484376,thriller film,2010
http://www.wikidata.org/entity/Q1148822,T. J. Miller,male,http://www.wikidata.org/entity/Q570271,Yogi Bear,http://www.wikidata.org/entity/Q157443,comedy film,2010
http://www.wikidata.org/entity/Q1148822,T. J. Miller,male,http://www.wikidata.org/entity/Q570271,Yogi Bear,http://www.wikidata.org/entity/Q319221,adventure film,2010
http://www.wikidata.org/entity/Q1148822,T. J. Miller,male,http://www.wikidata.org/entity/Q570271,Yogi Bear,http://www.wikidata.org/entity/Q1361932,family film,2010
http://www.wikidata.org/entity/Q1148822,T. J. Miller,male,http://www.wikidata.org/entity/Q570271,Yogi Bear,http://www.wikidata.org/entity/Q157443,comedy film,2010
http://www.wikidata.org/entity/Q1148822,T. J. Miller,male,http://www.wikidata.org/entity/Q570271,Yogi Bear,http://www.wikidata.org/entity/Q319221,adventure film,2010
http://www.wikidata.org/entity/Q1148822,T. J. Miller,male,http://www.wikidata.org/entity/Q570271,Yogi Bear,http://www.wikidata.org/entity/Q1361932,family film,2010
http://www.wikidata.org/entity/Q1148822,T. J. Miller,male,http://www.wikidata.org/entity/Q570271,Yogi Bear,http://www.wikidata.org/entity/Q157443,comedy film,2010
http://www.wikidata.org/entity/Q139325,Zach Galifianakis,male,http://www.wikidata.org/entity/Q569941,Due Date,http://www.wikidata.org/entity/Q157443,comedy film,2010
http://www.wikidata.org/entity/Q139325,Zach Galifianakis,male,http://www.wikidata.org/entity/Q569941,Due Date,http://www.wikidata.org/entity/Q157443,comedy film,2010
http://www.wikidata.org/entity/Q230523,Juliette Lewis,female,http://www.wikidata.org/entity/Q569941,Due Date,http://www.wikidata.org/entity/Q157443,comedy film,2010
http://www.wikidata.org/entity/Q230523,Juliette Lewis,female,http://www.wikidata.org/entity/Q569941,Due Date,http://www.wikidata.org/entity/Q157443,comedy film,2010
http://www.wikidata.org/entity/Q2685,Arnold Schwarzenegger,male,http://www.wikidata.org/entity/Q330663,My Name Is Khan,http://www.wikidata.org/entity/Q130232,drama film,2010
http://www.wikidata.org/entity/Q2685,Arnold Schwarzenegger,male,http://www.wikidata.org/entity/Q330663,My Name Is Khan,http://www.wikidata.org/entity/Q188473,action film,2010
http://www.wikidata.org/entity/Q2685,Arnold Schwarzenegger,male,http://www.wikidata.org/entity/Q330663,My Name Is Khan,http://www.wikidata.org/entity/Q130232,drama film,2010
http://www.wikidata.org/entity/Q2685,Arnold Schwarzenegger,male,http://www.wikidata.org/entity/Q330663,My Name Is Khan,http://www.wikidata.org/entity/Q188473,action film,2010
http://www.wikidata.org/entity/Q2685,Arnold Schwarzenegger,male,http://www.wikidata.org/entity/Q330663,My Name Is Khan,http://www.wikidata.org/entity/Q130232,drama film,2010
http://www.wikidata.org/entity/Q2685,Arnold Schwarzenegger,male,http://www.wikidata.org/entity/Q330663,My Name Is Khan,http://www.wikidata.org/entity/Q188473,action film,2010
http://www.wikidata.org/entity/Q552997,Lateef Crowder Dos Santos,male,http://www.wikidata.org/entity/Q530741,Once Fallen,http://www.wikidata.org/entity/Q959790,crime film,2010
http://www.wikidata.org/entity/Q2004409,Rance Howard,male,http://www.wikidata.org/entity/Q530741,Once Fallen,http://www.wikidata.org/entity/Q959790,crime film,2010
http://www.wikidata.org/entity/Q2685,Arnold Schwarzenegger,male,http://www.wikidata.org/entity/Q330663,My Name Is Khan,http://www.wikidata.org/entity/Q130232,drama film,2010
http://www.wikidata.org/entity/Q2685,Arnold Schwarzenegger,male,http://www.wikidata.org/entity/Q330663,My Name Is Khan,http://www.wikidata.org/entity/Q188473,action film,2010
http://www.wikidata.org/entity/Q2685,Arnold Schwarzenegger,male,http://www.wikidata.org/entity/Q330663,My Name Is Khan,http://www.wikidata.org/entity/Q130232,drama film,2010
http://www.wikidata.org/entity/Q2685,Arnold Schwarzenegger,male,http://www.wikidata.org/entity/Q330663,My Name Is Khan,http://www.wikidata.org/entity/Q188473,action film,2010
http://www.wikidata.org/entity/Q2685,Arnold Schwarzenegger,male,http://www.wikidata.org/entity/Q330663,My Name Is Khan,http://www.wikidata.org/entity/Q130232,drama film,2010
http://www.wikidata.org/entity/Q2685,Arnold Schwarzenegger,male,http://www.wikidata.org/entity/Q330663,My Name Is Khan,http://www.wikidata.org/entity/Q188473,action film,2010
http://www.wikidata.org/entity/Q2685,Arnold Schwarzenegger,male,http://www.wikidata.org/entity/Q330663,My Name Is Khan,http://www.wikidata.org/entity/Q130232,drama film,2010
http://www.wikidata.org/entity/Q2685,Arnold Schwarzenegger,male,http://www.wikidata.org/entity/Q330663,My Name Is Khan,http://www.wikidata.org/entity/Q188473,action film,2010
http://www.wikidata.org/entity/Q2685,Arnold Schwarzenegger,male,http://www.wikidata.org/entity/Q330663,My Name Is Khan,http://www.wikidata.org/entity/Q130232,drama film,2010
http://www.wikidata.org/entity/Q2685,Arnold Schwarzenegger,male,http://www.wikidata.org/entity/Q330663,My Name Is Khan,http://www.wikidata.org/entity/Q188473,action film,2010
http://www.wikidata.org/entity/Q2685,Arnold Schwarzenegger,male,http://www.wikidata.org/entity/Q330663,My Name Is Khan,http://www.wikidata.org/entity/Q130232,drama film,2010
http://www.wikidata.org/entity/Q2685,Arnold Schwarzenegger,male,http://www.wikidata.org/entity/Q330663,My Name Is Khan,http://www.wikidata.org/entity/Q188473,action film,2010
http://www.wikidata.org/entity/Q235511,Taraji P. Henson,female,http://www.wikidata.org/entity/Q530741,Once Fallen,http://www.wikidata.org/entity/Q130232,drama film,2010
http://www.wikidata.org/entity/Q235511,Taraji P. Henson,female,http://www.wikidata.org/entity/Q530741,Once Fallen,http://www.wikidata.org/entity/Q959790,crime film,2010
http://www.wikidata.org/entity/Q552997,Lateef Crowder Dos Santos,male,http://www.wikidata.org/entity/Q530741,Once Fallen,http://www.wikidata.org/entity/Q130232,drama film,2010
http://www.wikidata.org/entity/Q2004409,Rance Howard,male,http://www.wikidata.org/entity/Q530741,Once Fallen,http://www.wikidata.org/entity/Q130232,drama film,2010
http://www.wikidata.org/entity/Q58444,Liam Neeson,male,http://www.wikidata.org/entity/Q474082,The Chronicles of Narnia: The Voyage of the Dawn Treader,http://www.wikidata.org/entity/Q157394,fantasy film,2010
http://www.wikidata.org/entity/Q58444,Liam Neeson,male,http://www.wikidata.org/entity/Q474082,The Chronicles of Narnia: The Voyage of the Dawn Treader,http://www.wikidata.org/entity/Q188473,action film,2010
http://www.wikidata.org/entity/Q58444,Liam Neeson,male,http://www.wikidata.org/entity/Q474082,The Chronicles of Narnia: The Voyage of the Dawn Treader,http://www.wikidata.org/entity/Q188473,action film,2010
http://www.wikidata.org/entity/Q58444,Liam Neeson,male,http://www.wikidata.org/entity/Q474082,The Chronicles of Narnia: The Voyage of the Dawn Treader,http://www.wikidata.org/entity/Q157394,fantasy film,2010
http://www.wikidata.org/entity/Q58444,Liam Neeson,male,http://www.wikidata.org/entity/Q474082,The Chronicles of Narnia: The Voyage of the Dawn Treader,http://www.wikidata.org/entity/Q188473,action film,2010
http://www.wikidata.org/entity/Q58444,Liam Neeson,male,http://www.wikidata.org/entity/Q474082,The Chronicles of Narnia: The Voyage of the Dawn Treader,http://www.wikidata.org/entity/Q157394,fantasy film,2010
http://www.wikidata.org/entity/Q58444,Liam Neeson,male,http://www.wikidata.org/entity/Q474082,The Chronicles of Narnia: The Voyage of the Dawn Treader,http://www.wikidata.org/entity/Q188473,action film,2010
http://www.wikidata.org/entity/Q58444,Liam Neeson,male,http://www.wikidata.org/entity/Q474082,The Chronicles of Narnia: The Voyage of the Dawn Treader,http://www.wikidata.org/entity/Q157394,fantasy film,2010
http://www.wikidata.org/entity/Q235511,Taraji P. Henson,female,http://www.wikidata.org/entity/Q327685,The Karate Kid,http://www.wikidata.org/entity/Q1339864,sport film,2010
http://www.wikidata.org/entity/Q235511,Taraji P. Henson,female,http://www.wikidata.org/entity/Q327685,The Karate Kid,http://www.wikidata.org/entity/Q130232,drama film,2010
http://www.wikidata.org/entity/Q235511,Taraji P. Henson,female,http://www.wikidata.org/entity/Q327685,The Karate Kid,http://www.wikidata.org/entity/Q1339864,sport film,2010
http://www.wikidata.org/entity/Q235511,Taraji P. Henson,female,http://www.wikidata.org/entity/Q327685,The Karate Kid,http://www.wikidata.org/entity/Q130232,drama film,2010
http://www.wikidata.org/entity/Q235511,Taraji P. Henson,female,http://www.wikidata.org/entity/Q327685,The Karate Kid,http://www.wikidata.org/entity/Q1339864,sport film,2010
http://www.wikidata.org/entity/Q235511,Taraji P. Henson,female,http://www.wikidata.org/entity/Q327685,The Karate Kid,http://www.wikidata.org/entity/Q130232,drama film,2010
http://www.wikidata.org/entity/Q235511,Taraji P. Henson,female,http://www.wikidata.org/entity/Q327685,The Karate Kid,http://www.wikidata.org/entity/Q1339864,sport film,2010
http://www.wikidata.org/entity/Q235511,Taraji P. Henson,female,http://www.wikidata.org/entity/Q327685,The Karate Kid,http://www.wikidata.org/entity/Q130232,drama film,2010
http://www.wikidata.org/entity/Q235511,Taraji P. Henson,female,http://www.wikidata.org/entity/Q327685,The Karate Kid,http://www.wikidata.org/entity/Q1339864,sport film,2010
http://www.wikidata.org/entity/Q235511,Taraji P. Henson,female,http://www.wikidata.org/entity/Q327685,The Karate Kid,http://www.wikidata.org/entity/Q130232,drama film,2010
http://www.wikidata.org/entity/Q235511,Taraji P. Henson,female,http://www.wikidata.org/entity/Q327685,The Karate Kid,http://www.wikidata.org/entity/Q1339864,sport film,2010
http://www.wikidata.org/entity/Q235511,Taraji P. Henson,female,http://www.wikidata.org/entity/Q327685,The Karate Kid,http://www.wikidata.org/entity/Q130232,drama film,2010
http://www.wikidata.org/entity/Q273208,Chris Cooper,male,http://www.wikidata.org/entity/Q478579,The Tempest,http://www.wikidata.org/entity/Q130232,drama film,2010
http://www.wikidata.org/entity/Q273208,Chris Cooper,male,http://www.wikidata.org/entity/Q478579,The Tempest,http://www.wikidata.org/entity/Q157394,fantasy film,2010
http://www.wikidata.org/entity/Q273208,Chris Cooper,male,http://www.wikidata.org/entity/Q478579,The Tempest,http://www.wikidata.org/entity/Q157443,comedy film,2010
http://www.wikidata.org/entity/Q10738,Dwayne Johnson,male,http://www.wikidata.org/entity/Q576242,Faster,http://www.wikidata.org/entity/Q2484376,thriller film,2010
http://www.wikidata.org/entity/Q192165,Danny Glover,male,http://www.wikidata.org/entity/Q575895,I Want to Be a Soldier,http://www.wikidata.org/entity/Q130232,drama film,2010
http://www.wikidata.org/entity/Q10738,Dwayne Johnson,male,http://www.wikidata.org/entity/Q576242,Faster,http://www.wikidata.org/entity/Q130232,drama film,2010
http://www.wikidata.org/entity/Q10738,Dwayne Johnson,male,http://www.wikidata.org/entity/Q576242,Faster,http://www.wikidata.org/entity/Q188473,action film,2010
http://www.wikidata.org/entity/Q310315,Ving Rhames,male,http://www.wikidata.org/entity/Q577475,Surrogates,http://www.wikidata.org/entity/Q188473,action film,2010
http://www.wikidata.org/entity/Q310315,Ving Rhames,male,http://www.wikidata.org/entity/Q577475,Surrogates,http://www.wikidata.org/entity/Q1200678,mystery film,2010
http://www.wikidata.org/entity/Q2680,Bruce Willis,male,http://www.wikidata.org/entity/Q577475,Surrogates,http://www.wikidata.org/entity/Q188473,action film,2010
http://www.wikidata.org/entity/Q2680,Bruce Willis,male,http://www.wikidata.org/entity/Q577475,Surrogates,http://www.wikidata.org/entity/Q1200678,mystery film,2010
http://www.wikidata.org/entity/Q229410,Melissa Leo,female,http://www.wikidata.org/entity/Q546917,Everybody's Fine,http://www.wikidata.org/entity/Q130232,drama film,2010
http://www.wikidata.org/entity/Q36949,Robert De Niro,male,http://www.wikidata.org/entity/Q546917,Everybody's Fine,http://www.wikidata.org/entity/Q130232,drama film,2010
http://www.wikidata.org/entity/Q36949,Robert De Niro,male,http://www.wikidata.org/entity/Q546917,Everybody's Fine,http://www.wikidata.org/entity/Q130232,drama film,2010
http://www.wikidata.org/entity/Q229410,Melissa Leo,female,http://www.wikidata.org/entity/Q546917,Everybody's Fine,http://www.wikidata.org/entity/Q130232,drama film,2010
http://www.wikidata.org/entity/Q342665,Jeffrey Dean Morgan,male,http://www.wikidata.org/entity/Q582284,Shanghai,http://www.wikidata.org/entity/Q130232,drama film,2010
http://www.wikidata.org/entity/Q342665,Jeffrey Dean Morgan,male,http://www.wikidata.org/entity/Q582284,Shanghai,http://www.wikidata.org/entity/Q1200678,mystery film,2010
http://www.wikidata.org/entity/Q2638642,Natalie Gal,female,http://www.wikidata.org/entity/Q628139,Salt,http://www.wikidata.org/entity/Q188473,action film,2010
http://www.wikidata.org/entity/Q2638642,Natalie Gal,female,http://www.wikidata.org/entity/Q628139,Salt,http://www.wikidata.org/entity/Q1200678,mystery film,2010
http://www.wikidata.org/entity/Q2638642,Natalie Gal,female,http://www.wikidata.org/entity/Q628139,Salt,http://www.wikidata.org/entity/Q2484376,thriller film,2010
http://www.wikidata.org/entity/Q2638642,Natalie Gal,female,http://www.wikidata.org/entity/Q628139,Salt,http://www.wikidata.org/entity/Q188473,action film,2010
http://www.wikidata.org/entity/Q2638642,Natalie Gal,female,http://www.wikidata.org/entity/Q628139,Salt,http://www.wikidata.org/entity/Q1200678,mystery film,2010
http://www.wikidata.org/entity/Q2638642,Natalie Gal,female,http://www.wikidata.org/entity/Q628139,Salt,http://www.wikidata.org/entity/Q2484376,thriller film,2010
http://www.wikidata.org/entity/Q2638642,Natalie Gal,female,http://www.wikidata.org/entity/Q628139,Salt,http://www.wikidata.org/entity/Q188473,action film,2010
http://www.wikidata.org/entity/Q2638642,Natalie Gal,female,http://www.wikidata.org/entity/Q628139,Salt,http://www.wikidata.org/entity/Q1200678,mystery film,2010
http://www.wikidata.org/entity/Q2638642,Natalie Gal,female,http://www.wikidata.org/entity/Q628139,Salt,http://www.wikidata.org/entity/Q2484376,thriller film,2010
http://www.wikidata.org/entity/Q182763,Forest Whitaker,male,http://www.wikidata.org/entity/Q593254,My Own Love Song,http://www.wikidata.org/entity/Q130232,drama film,2010
http://www.wikidata.org/entity/Q270664,Victor Garber,male,http://www.wikidata.org/entity/Q725539,The Town,http://www.wikidata.org/entity/Q130232,drama film,2010
http://www.wikidata.org/entity/Q270664,Victor Garber,male,http://www.wikidata.org/entity/Q725539,The Town,http://www.wikidata.org/entity/Q130232,drama film,2010
http://www.wikidata.org/entity/Q270664,Victor Garber,male,http://www.wikidata.org/entity/Q725539,The Town,http://www.wikidata.org/entity/Q130232,drama film,2010
http://www.wikidata.org/entity/Q273208,Chris Cooper,male,http://www.wikidata.org/entity/Q725539,The Town,http://www.wikidata.org/entity/Q130232,drama film,2010
http://www.wikidata.org/entity/Q273208,Chris Cooper,male,http://www.wikidata.org/entity/Q725539,The Town,http://www.wikidata.org/entity/Q130232,drama film,2010
http://www.wikidata.org/entity/Q273208,Chris Cooper,male,http://www.wikidata.org/entity/Q725539,The Town,http://www.wikidata.org/entity/Q130232,drama film,2010
http://www.wikidata.org/entity/Q175535,Matt Damon,male,http://www.wikidata.org/entity/Q632328,Green Zone,http://www.wikidata.org/entity/Q130232,drama film,2010
http://www.wikidata.org/entity/Q175535,Matt Damon,male,http://www.wikidata.org/entity/Q632328,Green Zone,http://www.wikidata.org/entity/Q188473,action film,2010
http://www.wikidata.org/entity/Q175535,Matt Damon,male,http://www.wikidata.org/entity/Q632328,Green Zone,http://www.wikidata.org/entity/Q369747,war film,2010
http://www.wikidata.org/entity/Q175535,Matt Damon,male,http://www.wikidata.org/entity/Q632328,Green Zone,http://www.wikidata.org/entity/Q2484376,thriller film,2010
http://www.wikidata.org/entity/Q175535,Matt Damon,male,http://www.wikidata.org/entity/Q632328,Green Zone,http://www.wikidata.org/entity/Q130232,drama film,2010
http://www.wikidata.org/entity/Q175535,Matt Damon,male,http://www.wikidata.org/entity/Q632328,Green Zone,http://www.wikidata.org/entity/Q188473,action film,2010
http://www.wikidata.org/entity/Q175535,Matt Damon,male,http://www.wikidata.org/entity/Q632328,Green Zone,http://www.wikidata.org/entity/Q369747,war film,2010
http://www.wikidata.org/entity/Q175535,Matt Damon,male,http://www.wikidata.org/entity/Q632328,Green Zone,http://www.wikidata.org/entity/Q2484376,thriller film,2010
http://www.wikidata.org/entity/Q175535,Matt Damon,male,http://www.wikidata.org/entity/Q632328,Green Zone,http://www.wikidata.org/entity/Q130232,drama film,2010
http://www.wikidata.org/entity/Q175535,Matt Damon,male,http://www.wikidata.org/entity/Q632328,Green Zone,http://www.wikidata.org/entity/Q188473,action film,2010
http://www.wikidata.org/entity/Q175535,Matt Damon,male,http://www.wikidata.org/entity/Q632328,Green Zone,http://www.wikidata.org/entity/Q369747,war film,2010
http://www.wikidata.org/entity/Q175535,Matt Damon,male,http://www.wikidata.org/entity/Q632328,Green Zone,http://www.wikidata.org/entity/Q2484376,thriller film,2010
http://www.wikidata.org/entity/Q342665,Jeffrey Dean Morgan,male,http://www.wikidata.org/entity/Q596085,Jonah Hex,http://www.wikidata.org/entity/Q188473,action film,2010
http://www.wikidata.org/entity/Q342665,Jeffrey Dean Morgan,male,http://www.wikidata.org/entity/Q596085,Jonah Hex,http://www.wikidata.org/entity/Q200092,horror film,2010
http://www.wikidata.org/entity/Q403902,Aidan Quinn,male,http://www.wikidata.org/entity/Q596085,Jonah Hex,http://www.wikidata.org/entity/Q188473,action film,2010
http://www.wikidata.org/entity/Q403902,Aidan Quinn,male,http://www.wikidata.org/entity/Q596085,Jonah Hex,http://www.wikidata.org/entity/Q200092,horror film,2010
http://www.wikidata.org/entity/Q2004409,Rance Howard,male,http://www.wikidata.org/entity/Q596085,Jonah Hex,http://www.wikidata.org/entity/Q188473,action film,2010
http://www.wikidata.org/entity/Q17385901,J. D. Evermore,male,http://www.wikidata.org/entity/Q596085,Jonah Hex,http://www.wikidata.org/entity/Q157443,comedy film,2010
http://www.wikidata.org/entity/Q17385901,J. D. Evermore,male,http://www.wikidata.org/entity/Q596085,Jonah Hex,http://www.wikidata.org/entity/Q188473,action film,2010
http://www.wikidata.org/entity/Q41396,Josh Brolin,male,http://www.wikidata.org/entity/Q596085,Jonah Hex,http://www.wikidata.org/entity/Q188473,action film,2010
http://www.wikidata.org/entity/Q41396,Josh Brolin,male,http://www.wikidata.org/entity/Q596085,Jonah Hex,http://www.wikidata.org/entity/Q200092,horror film,2010
http://www.wikidata.org/entity/Q273208,Chris Cooper,male,http://www.wikidata.org/entity/Q632680,Remember Me,http://www.wikidata.org/entity/Q130232,drama film,2010
http://www.wikidata.org/entity/Q273208,Chris Cooper,male,http://www.wikidata.org/entity/Q632680,Remember Me,http://www.wikidata.org/entity/Q130232,drama film,2010
http://www.wikidata.org/entity/Q273208,Chris Cooper,male,http://www.wikidata.org/entity/Q632680,Remember Me,http://www.wikidata.org/entity/Q130232,drama film,2010
http://www.wikidata.org/entity/Q273208,Chris Cooper,male,http://www.wikidata.org/entity/Q632680,Remember Me,http://www.wikidata.org/entity/Q130232,drama film,2010
http://www.wikidata.org/entity/Q342665,Jeffrey Dean Morgan,male,http://www.wikidata.org/entity/Q596085,Jonah Hex,http://www.wikidata.org/entity/Q157394,fantasy film,2010
http://www.wikidata.org/entity/Q342665,Jeffrey Dean Morgan,male,http://www.wikidata.org/entity/Q596085,Jonah Hex,http://www.wikidata.org/entity/Q157443,comedy film,2010
http://www.wikidata.org/entity/Q403902,Aidan Quinn,male,http://www.wikidata.org/entity/Q596085,Jonah Hex,http://www.wikidata.org/entity/Q157394,fantasy film,2010
http://www.wikidata.org/entity/Q403902,Aidan Quinn,male,http://www.wikidata.org/entity/Q596085,Jonah Hex,http://www.wikidata.org/entity/Q157443,comedy film,2010
http://www.wikidata.org/entity/Q41396,Josh Brolin,male,http://www.wikidata.org/entity/Q596085,Jonah Hex,http://www.wikidata.org/entity/Q157394,fantasy film,2010
http://www.wikidata.org/entity/Q41396,Josh Brolin,male,http://www.wikidata.org/entity/Q596085,Jonah Hex,http://www.wikidata.org/entity/Q157443,comedy film,2010
http://www.wikidata.org/entity/Q2004409,Rance Howard,male,http://www.wikidata.org/entity/Q596085,Jonah Hex,http://www.wikidata.org/entity/Q157394,fantasy film,2010
http://www.wikidata.org/entity/Q2004409,Rance Howard,male,http://www.wikidata.org/entity/Q596085,Jonah Hex,http://www.wikidata.org/entity/Q157443,comedy film,2010
http://www.wikidata.org/entity/Q17385901,J. D. Evermore,male,http://www.wikidata.org/entity/Q596085,Jonah Hex,http://www.wikidata.org/entity/Q157394,fantasy film,2010
http://www.wikidata.org/entity/Q2004409,Rance Howard,male,http://www.wikidata.org/entity/Q596085,Jonah Hex,http://www.wikidata.org/entity/Q200092,horror film,2010
http://www.wikidata.org/entity/Q17385901,J. D. Evermore,male,http://www.wikidata.org/entity/Q596085,Jonah Hex,http://www.wikidata.org/entity/Q200092,horror film,2010
http://www.wikidata.org/entity/Q223830,Danny Trejo,male,http://www.wikidata.org/entity/Q670551,Death Race 2,http://www.wikidata.org/entity/Q188473,action film,2010
http://www.wikidata.org/entity/Q310315,Ving Rhames,male,http://www.wikidata.org/entity/Q670551,Death Race 2,http://www.wikidata.org/entity/Q188473,action film,2010
http://www.wikidata.org/entity/Q310315,Ving Rhames,male,http://www.wikidata.org/entity/Q733995,Piranha 3D,http://www.wikidata.org/entity/Q200092,horror film,2010
http://www.wikidata.org/entity/Q310315,Ving Rhames,male,http://www.wikidata.org/entity/Q733995,Piranha 3D,http://www.wikidata.org/entity/Q2484376,thriller film,2010
http://www.wikidata.org/entity/Q310315,Ving Rhames,male,http://www.wikidata.org/entity/Q733995,Piranha 3D,http://www.wikidata.org/entity/Q157443,comedy film,2010
http://www.wikidata.org/entity/Q310315,Ving Rhames,male,http://www.wikidata.org/entity/Q733995,Piranha 3D,http://www.wikidata.org/entity/Q200092,horror film,2010
http://www.wikidata.org/entity/Q310315,Ving Rhames,male,http://www.wikidata.org/entity/Q733995,Piranha 3D,http://www.wikidata.org/entity/Q2484376,thriller film,2010
http://www.wikidata.org/entity/Q310315,Ving Rhames,male,http://www.wikidata.org/entity/Q733995,Piranha 3D,http://www.wikidata.org/entity/Q157443,comedy film,2010
http://www.wikidata.org/entity/Q1148822,T. J. Miller,male,http://www.wikidata.org/entity/Q644276,Unstoppable,http://www.wikidata.org/entity/Q188473,action film,2010
http://www.wikidata.org/entity/Q1148822,T. J. Miller,male,http://www.wikidata.org/entity/Q644276,Unstoppable,http://www.wikidata.org/entity/Q2484376,thriller film,2010
http://www.wikidata.org/entity/Q1148822,T. J. Miller,male,http://www.wikidata.org/entity/Q644276,Unstoppable,http://www.wikidata.org/entity/Q188473,action film,2010
http://www.wikidata.org/entity/Q1148822,T. J. Miller,male,http://www.wikidata.org/entity/Q644276,Unstoppable,http://www.wikidata.org/entity/Q2484376,thriller film,2010
http://www.wikidata.org/entity/Q1148822,T. J. Miller,male,http://www.wikidata.org/entity/Q644276,Unstoppable,http://www.wikidata.org/entity/Q188473,action film,2010
http://www.wikidata.org/entity/Q1148822,T. J. Miller,male,http://www.wikidata.org/entity/Q644276,Unstoppable,http://www.wikidata.org/entity/Q2484376,thriller film,2010
http://www.wikidata.org/entity/Q2638642,Natalie Gal,female,http://www.wikidata.org/entity/Q741737,The Bounty Hunter,http://www.wikidata.org/entity/Q188473,action film,2010
http://www.wikidata.org/entity/Q2638642,Natalie Gal,female,http://www.wikidata.org/entity/Q741737,The Bounty Hunter,http://www.wikidata.org/entity/Q188473,action film,2010
http://www.wikidata.org/entity/Q175535,Matt Damon,male,http://www.wikidata.org/entity/Q645931,Inside Job,http://www.wikidata.org/entity/Q93204,documentary film,2010
http://www.wikidata.org/entity/Q28493,Ralph Fiennes,male,http://www.wikidata.org/entity/Q785249,Nanny McPhee and the Big Bang,http://www.wikidata.org/entity/Q1361932,family film,2010
http://www.wikidata.org/entity/Q28493,Ralph Fiennes,male,http://www.wikidata.org/entity/Q785249,Nanny McPhee and the Big Bang,http://www.wikidata.org/entity/Q157394,fantasy film,2010
http://www.wikidata.org/entity/Q28493,Ralph Fiennes,male,http://www.wikidata.org/entity/Q785249,Nanny McPhee and the Big Bang,http://www.wikidata.org/entity/Q1361932,family film,2010
http://www.wikidata.org/entity/Q165518,Ewan McGregor,male,http://www.wikidata.org/entity/Q785249,Nanny McPhee and the Big Bang,http://www.wikidata.org/entity/Q1361932,family film,2010
http://www.wikidata.org/entity/Q165518,Ewan McGregor,male,http://www.wikidata.org/entity/Q785249,Nanny McPhee and the Big Bang,http://www.wikidata.org/entity/Q157394,fantasy film,2010
http://www.wikidata.org/entity/Q165518,Ewan McGregor,male,http://www.wikidata.org/entity/Q785249,Nanny McPhee and the Big Bang,http://www.wikidata.org/entity/Q1361932,family film,2010
http://www.wikidata.org/entity/Q165518,Ewan McGregor,male,http://www.wikidata.org/entity/Q785249,Nanny McPhee and the Big Bang,http://www.wikidata.org/entity/Q157394,fantasy film,2010
http://www.wikidata.org/entity/Q28493,Ralph Fiennes,male,http://www.wikidata.org/entity/Q785249,Nanny McPhee and the Big Bang,http://www.wikidata.org/entity/Q157394,fantasy film,2010
http://www.wikidata.org/entity/Q175535,Matt Damon,male,http://www.wikidata.org/entity/Q689842,Invictus,http://www.wikidata.org/entity/Q130232,drama film,2010
http://www.wikidata.org/entity/Q175535,Matt Damon,male,http://www.wikidata.org/entity/Q689842,Invictus,http://www.wikidata.org/entity/Q645928,biographical film,2010
http://www.wikidata.org/entity/Q175535,Matt Damon,male,http://www.wikidata.org/entity/Q689842,Invictus,http://www.wikidata.org/entity/Q1339864,sport film,2010
http://www.wikidata.org/entity/Q175535,Matt Damon,male,http://www.wikidata.org/entity/Q689842,Invictus,http://www.wikidata.org/entity/Q17013749,historical film,2010
http://www.wikidata.org/entity/Q342665,Jeffrey Dean Morgan,male,http://www.wikidata.org/entity/Q696652,Taking Woodstock,http://www.wikidata.org/entity/Q130232,drama film,2010
http://www.wikidata.org/entity/Q552997,Lateef Crowder Dos Santos,male,http://www.wikidata.org/entity/Q868706,Tekken,http://www.wikidata.org/entity/Q157394,fantasy film,2010
http://www.wikidata.org/entity/Q718343,Gary Daniels,male,http://www.wikidata.org/entity/Q868706,Tekken,http://www.wikidata.org/entity/Q157394,fantasy film,2010
http://www.wikidata.org/entity/Q552997,Lateef Crowder Dos Santos,male,http://www.wikidata.org/entity/Q868706,Tekken,http://www.wikidata.org/entity/Q188473,action film,2010
http://www.wikidata.org/entity/Q552997,Lateef Crowder Dos Santos,male,http://www.wikidata.org/entity/Q868706,Tekken,http://www.wikidata.org/entity/Q157394,fantasy film,2010
http://www.wikidata.org/entity/Q552997,Lateef Crowder Dos Santos,male,http://www.wikidata.org/entity/Q868706,Tekken,http://www.wikidata.org/entity/Q188473,action film,2010
http://www.wikidata.org/entity/Q718343,Gary Daniels,male,http://www.wikidata.org/entity/Q868706,Tekken,http://www.wikidata.org/entity/Q188473,action film,2010
http://www.wikidata.org/entity/Q718343,Gary Daniels,male,http://www.wikidata.org/entity/Q868706,Tekken,http://www.wikidata.org/entity/Q157394,fantasy film,2010
http://www.wikidata.org/entity/Q718343,Gary Daniels,male,http://www.wikidata.org/entity/Q868706,Tekken,http://www.wikidata.org/entity/Q188473,action film,2010
http://www.wikidata.org/entity/Q313043,Richard Jenkins,male,http://www.wikidata.org/entity/Q867138,Dear John,http://www.wikidata.org/entity/Q130232,drama film,2010
http://www.wikidata.org/entity/Q313043,Richard Jenkins,male,http://www.wikidata.org/entity/Q867138,Dear John,http://www.wikidata.org/entity/Q369747,war film,2010
http://www.wikidata.org/entity/Q313043,Richard Jenkins,male,http://www.wikidata.org/entity/Q867138,Dear John,http://www.wikidata.org/entity/Q130232,drama film,2010
http://www.wikidata.org/entity/Q313043,Richard Jenkins,male,http://www.wikidata.org/entity/Q867138,Dear John,http://www.wikidata.org/entity/Q369747,war film,2010
http://www.wikidata.org/entity/Q313043,Richard Jenkins,male,http://www.wikidata.org/entity/Q867138,Dear John,http://www.wikidata.org/entity/Q130232,drama film,2010
http://www.wikidata.org/entity/Q313043,Richard Jenkins,male,http://www.wikidata.org/entity/Q867138,Dear John,http://www.wikidata.org/entity/Q369747,war film,2010
http://www.wikidata.org/entity/Q191084,Val Kilmer,male,http://www.wikidata.org/entity/Q798737,Bad Lieutenant: Port of Call New Orleans,http://www.wikidata.org/entity/Q130232,drama film,2010
http://www.wikidata.org/entity/Q191084,Val Kilmer,male,http://www.wikidata.org/entity/Q798737,Bad Lieutenant: Port of Call New Orleans,http://www.wikidata.org/entity/Q130232,drama film,2010
http://www.wikidata.org/entity/Q3959303,Shea Whigham,male,http://www.wikidata.org/entity/Q798737,Bad Lieutenant: Port of Call New Orleans,http://www.wikidata.org/entity/Q959790,crime film,2010
http://www.wikidata.org/entity/Q17385901,J. D. Evermore,male,http://www.wikidata.org/entity/Q798737,Bad Lieutenant: Port of Call New Orleans,http://www.wikidata.org/entity/Q959790,crime film,2010
http://www.wikidata.org/entity/Q191084,Val Kilmer,male,http://www.wikidata.org/entity/Q798737,Bad Lieutenant: Port of Call New Orleans,http://www.wikidata.org/entity/Q959790,crime film,2010
http://www.wikidata.org/entity/Q191084,Val Kilmer,male,http://www.wikidata.org/entity/Q798737,Bad Lieutenant: Port of Call New Orleans,http://www.wikidata.org/entity/Q959790,crime film,2010
http://www.wikidata.org/entity/Q3959303,Shea Whigham,male,http://www.wikidata.org/entity/Q798737,Bad Lieutenant: Port of Call New Orleans,http://www.wikidata.org/entity/Q130232,drama film,2010
http://www.wikidata.org/entity/Q3959303,Shea Whigham,male,http://www.wikidata.org/entity/Q798737,Bad Lieutenant: Port of Call New Orleans,http://www.wikidata.org/entity/Q959790,crime film,2010
http://www.wikidata.org/entity/Q3959303,Shea Whigham,male,http://www.wikidata.org/entity/Q798737,Bad Lieutenant: Port of Call New Orleans,http://www.wikidata.org/entity/Q130232,drama film,2010
http://www.wikidata.org/entity/Q17385901,J. D. Evermore,male,http://www.wikidata.org/entity/Q798737,Bad Lieutenant: Port of Call New Orleans,http://www.wikidata.org/entity/Q130232,drama film,2010
http://www.wikidata.org/entity/Q17385901,J. D. Evermore,male,http://www.wikidata.org/entity/Q798737,Bad Lieutenant: Port of Call New Orleans,http://www.wikidata.org/entity/Q959790,crime film,2010
http://www.wikidata.org/entity/Q17385901,J. D. Evermore,male,http://www.wikidata.org/entity/Q798737,Bad Lieutenant: Port of Call New Orleans,http://www.wikidata.org/entity/Q130232,drama film,2010
http://www.wikidata.org/entity/Q223830,Danny Trejo,male,http://www.wikidata.org/entity/Q704199,Alone in the Dark II,http://www.wikidata.org/entity/Q200092,horror film,2010
http://www.wikidata.org/entity/Q2685,Arnold Schwarzenegger,male,http://www.wikidata.org/entity/Q754855,Capitalism: A Love Story,http://www.wikidata.org/entity/Q93204,documentary film,2010
http://www.wikidata.org/entity/Q191084,Val Kilmer,male,http://www.wikidata.org/entity/Q926772,Gun,http://www.wikidata.org/entity/Q188473,action film,2010
http://www.wikidata.org/entity/Q191084,Val Kilmer,male,http://www.wikidata.org/entity/Q926772,Gun,http://www.wikidata.org/entity/Q959790,crime film,2010
http://www.wikidata.org/entity/Q223830,Danny Trejo,male,http://www.wikidata.org/entity/Q926772,Gun,http://www.wikidata.org/entity/Q188473,action film,2010
http://www.wikidata.org/entity/Q223830,Danny Trejo,male,http://www.wikidata.org/entity/Q926772,Gun,http://www.wikidata.org/entity/Q959790,crime film,2010
http://www.wikidata.org/entity/Q6060,50 Cent,male,http://www.wikidata.org/entity/Q926772,Gun,http://www.wikidata.org/entity/Q188473,action film,2010
http://www.wikidata.org/entity/Q6060,50 Cent,male,http://www.wikidata.org/entity/Q926772,Gun,http://www.wikidata.org/entity/Q959790,crime film,2010
http://www.wikidata.org/entity/Q218210,Zoe Kazan,female,http://www.wikidata.org/entity/Q1050720,Happythankyoumoreplease,http://www.wikidata.org/entity/Q130232,drama film,2010
http://www.wikidata.org/entity/Q313043,Richard Jenkins,male,http://www.wikidata.org/entity/Q1050720,Happythankyoumoreplease,http://www.wikidata.org/entity/Q130232,drama film,2010
http://www.wikidata.org/entity/Q165518,Ewan McGregor,male,http://www.wikidata.org/entity/Q814343,Beginners,http://www.wikidata.org/entity/Q130232,drama film,2010
http://www.wikidata.org/entity/Q311314,Sam Elliott,male,http://www.wikidata.org/entity/Q1057794,The Big Bang,http://www.wikidata.org/entity/Q188473,action film,2010
http://www.wikidata.org/entity/Q311314,Sam Elliott,male,http://www.wikidata.org/entity/Q1057794,The Big Bang,http://www.wikidata.org/entity/Q1200678,mystery film,2010
http://www.wikidata.org/entity/Q311314,Sam Elliott,male,http://www.wikidata.org/entity/Q1057794,The Big Bang,http://www.wikidata.org/entity/Q2484376,thriller film,2010
http://www.wikidata.org/entity/Q229410,Melissa Leo,female,http://www.wikidata.org/entity/Q850276,Conviction,http://www.wikidata.org/entity/Q645928,biographical film,2010
http://www.wikidata.org/entity/Q229410,Melissa Leo,female,http://www.wikidata.org/entity/Q850276,Conviction,http://www.wikidata.org/entity/Q130232,drama film,2010
http://www.wikidata.org/entity/Q229410,Melissa Leo,female,http://www.wikidata.org/entity/Q850276,Conviction,http://www.wikidata.org/entity/Q645928,biographical film,2010
http://www.wikidata.org/entity/Q230523,Juliette Lewis,female,http://www.wikidata.org/entity/Q850276,Conviction,http://www.wikidata.org/entity/Q645928,biographical film,2010
http://www.wikidata.org/entity/Q230523,Juliette Lewis,female,http://www.wikidata.org/entity/Q850276,Conviction,http://www.wikidata.org/entity/Q130232,drama film,2010
http://www.wikidata.org/entity/Q230523,Juliette Lewis,female,http://www.wikidata.org/entity/Q850276,Conviction,http://www.wikidata.org/entity/Q645928,biographical film,2010
http://www.wikidata.org/entity/Q229410,Melissa Leo,female,http://www.wikidata.org/entity/Q850276,Conviction,http://www.wikidata.org/entity/Q130232,drama film,2010
http://www.wikidata.org/entity/Q230523,Juliette Lewis,female,http://www.wikidata.org/entity/Q850276,Conviction,http://www.wikidata.org/entity/Q130232,drama film,2010
http://www.wikidata.org/entity/Q2680,Bruce Willis,male,http://www.wikidata.org/entity/Q849140,Cop Out,http://www.wikidata.org/entity/Q157443,comedy film,2010
http://www.wikidata.org/entity/Q14535,Fred Armisen,male,http://www.wikidata.org/entity/Q849140,Cop Out,http://www.wikidata.org/entity/Q157443,comedy film,2010
http://www.wikidata.org/entity/Q272927,Kristen Schaal,female,http://www.wikidata.org/entity/Q940139,Get Him to the Greek,http://www.wikidata.org/entity/Q157443,comedy film,2010
http://www.wikidata.org/entity/Q272927,Kristen Schaal,female,http://www.wikidata.org/entity/Q940139,Get Him to the Greek,http://www.wikidata.org/entity/Q157443,comedy film,2010
http://www.wikidata.org/entity/Q1083719,Christine Nguyen,female,http://www.wikidata.org/entity/Q940139,Get Him to the Greek,http://www.wikidata.org/entity/Q157443,comedy film,2010
http://www.wikidata.org/entity/Q1148822,T. J. Miller,male,http://www.wikidata.org/entity/Q940139,Get Him to the Greek,http://www.wikidata.org/entity/Q157443,comedy film,2010
http://www.wikidata.org/entity/Q4241574,Nick Kroll,male,http://www.wikidata.org/entity/Q940139,Get Him to the Greek,http://www.wikidata.org/entity/Q157443,comedy film,2010
http://www.wikidata.org/entity/Q1083719,Christine Nguyen,female,http://www.wikidata.org/entity/Q940139,Get Him to the Greek,http://www.wikidata.org/entity/Q157443,comedy film,2010
http://www.wikidata.org/entity/Q1148822,T. J. Miller,male,http://www.wikidata.org/entity/Q940139,Get Him to the Greek,http://www.wikidata.org/entity/Q157443,comedy film,2010
http://www.wikidata.org/entity/Q4241574,Nick Kroll,male,http://www.wikidata.org/entity/Q940139,Get Him to the Greek,http://www.wikidata.org/entity/Q157443,comedy film,2010
http://www.wikidata.org/entity/Q80405,Julianne Moore,female,http://www.wikidata.org/entity/Q1075182,Chloe,http://www.wikidata.org/entity/Q130232,drama film,2010
http://www.wikidata.org/entity/Q80405,Julianne Moore,female,http://www.wikidata.org/entity/Q1075182,Chloe,http://www.wikidata.org/entity/Q2484376,thriller film,2010
http://www.wikidata.org/entity/Q58444,Liam Neeson,male,http://www.wikidata.org/entity/Q1075182,Chloe,http://www.wikidata.org/entity/Q130232,drama film,2010
http://www.wikidata.org/entity/Q58444,Liam Neeson,male,http://www.wikidata.org/entity/Q1075182,Chloe,http://www.wikidata.org/entity/Q2484376,thriller film,2010
http://www.wikidata.org/entity/Q102551,Ernest Borgnine,male,http://www.wikidata.org/entity/Q858842,RED,http://www.wikidata.org/entity/Q157443,comedy film,2010
http://www.wikidata.org/entity/Q102551,Ernest Borgnine,male,http://www.wikidata.org/entity/Q858842,RED,http://www.wikidata.org/entity/Q188473,action film,2010
http://www.wikidata.org/entity/Q102551,Ernest Borgnine,male,http://www.wikidata.org/entity/Q858842,RED,http://www.wikidata.org/entity/Q157443,comedy film,2010
http://www.wikidata.org/entity/Q2680,Bruce Willis,male,http://www.wikidata.org/entity/Q858842,RED,http://www.wikidata.org/entity/Q157443,comedy film,2010
http://www.wikidata.org/entity/Q2680,Bruce Willis,male,http://www.wikidata.org/entity/Q858842,RED,http://www.wikidata.org/entity/Q188473,action film,2010
http://www.wikidata.org/entity/Q2680,Bruce Willis,male,http://www.wikidata.org/entity/Q858842,RED,http://www.wikidata.org/entity/Q157443,comedy film,2010
http://www.wikidata.org/entity/Q351290,Patrick Wilson,male,http://www.wikidata.org/entity/Q856602,Morning Glory,http://www.wikidata.org/entity/Q130232,drama film,2010
http://www.wikidata.org/entity/Q351290,Patrick Wilson,male,http://www.wikidata.org/entity/Q856602,Morning Glory,http://www.wikidata.org/entity/Q157443,comedy film,2010
http://www.wikidata.org/entity/Q6060,50 Cent,male,http://www.wikidata.org/entity/Q856602,Morning Glory,http://www.wikidata.org/entity/Q130232,drama film,2010
http://www.wikidata.org/entity/Q6060,50 Cent,male,http://www.wikidata.org/entity/Q856602,Morning Glory,http://www.wikidata.org/entity/Q157443,comedy film,2010
http://www.wikidata.org/entity/Q102551,Ernest Borgnine,male,http://www.wikidata.org/entity/Q858842,RED,http://www.wikidata.org/entity/Q188473,action film,2010
http://www.wikidata.org/entity/Q102551,Ernest Borgnine,male,http://www.wikidata.org/entity/Q858842,RED,http://www.wikidata.org/entity/Q157443,comedy film,2010
http://www.wikidata.org/entity/Q102551,Ernest Borgnine,male,http://www.wikidata.org/entity/Q858842,RED,http://www.wikidata.org/entity/Q188473,action film,2010
http://www.wikidata.org/entity/Q2680,Bruce Willis,male,http://www.wikidata.org/entity/Q858842,RED,http://www.wikidata.org/entity/Q188473,action film,2010
http://www.wikidata.org/entity/Q2680,Bruce Willis,male,http://www.wikidata.org/entity/Q858842,RED,http://www.wikidata.org/entity/Q157443,comedy film,2010
http://www.wikidata.org/entity/Q2680,Bruce Willis,male,http://www.wikidata.org/entity/Q858842,RED,http://www.wikidata.org/entity/Q188473,action film,2010
http://www.wikidata.org/entity/Q1083719,Christine Nguyen,female,http://www.wikidata.org/entity/Q860073,Bikini Jones and the Temple of Eros,http://www.wikidata.org/entity/Q319221,adventure film,2010
http://www.wikidata.org/entity/Q4241574,Nick Kroll,male,http://www.wikidata.org/entity/Q921985,Little Fockers,http://www.wikidata.org/entity/Q157443,comedy film,2010
http://www.wikidata.org/entity/Q36949,Robert De Niro,male,http://www.wikidata.org/entity/Q921985,Little Fockers,http://www.wikidata.org/entity/Q157443,comedy film,2010
http://www.wikidata.org/entity/Q36949,Robert De Niro,male,http://www.wikidata.org/entity/Q921985,Little Fockers,http://www.wikidata.org/entity/Q157443,comedy film,2010
http://www.wikidata.org/entity/Q44077,Jessica Alba,female,http://www.wikidata.org/entity/Q921985,Little Fockers,http://www.wikidata.org/entity/Q157443,comedy film,2010
http://www.wikidata.org/entity/Q44077,Jessica Alba,female,http://www.wikidata.org/entity/Q921985,Little Fockers,http://www.wikidata.org/entity/Q157443,comedy film,2010
http://www.wikidata.org/entity/Q182763,Forest Whitaker,male,http://www.wikidata.org/entity/Q923733,The Experiment,http://www.wikidata.org/entity/Q130232,drama film,2010
http://www.wikidata.org/entity/Q182763,Forest Whitaker,male,http://www.wikidata.org/entity/Q923733,The Experiment,http://www.wikidata.org/entity/Q2484376,thriller film,2010
http://www.wikidata.org/entity/Q4241574,Nick Kroll,male,http://www.wikidata.org/entity/Q921985,Little Fockers,http://www.wikidata.org/entity/Q157443,comedy film,2010
http://www.wikidata.org/entity/Q4241574,Nick Kroll,male,http://www.wikidata.org/entity/Q921985,Little Fockers,http://www.wikidata.org/entity/Q157443,comedy film,2010
http://www.wikidata.org/entity/Q36949,Robert De Niro,male,http://www.wikidata.org/entity/Q921985,Little Fockers,http://www.wikidata.org/entity/Q157443,comedy film,2010
http://www.wikidata.org/entity/Q44077,Jessica Alba,female,http://www.wikidata.org/entity/Q921985,Little Fockers,http://www.wikidata.org/entity/Q157443,comedy film,2010
http://www.wikidata.org/entity/Q37876,Natalie Portman,female,http://www.wikidata.org/entity/Q948635,Brothers,http://www.wikidata.org/entity/Q130232,drama film,2010
http://www.wikidata.org/entity/Q37876,Natalie Portman,female,http://www.wikidata.org/entity/Q948635,Brothers,http://www.wikidata.org/entity/Q369747,war film,2010
http://www.wikidata.org/entity/Q37876,Natalie Portman,female,http://www.wikidata.org/entity/Q948635,Brothers,http://www.wikidata.org/entity/Q2484376,thriller film,2010
http://www.wikidata.org/entity/Q150482,J. K. Simmons,male,http://www.wikidata.org/entity/Q1041743,An Invisible Sign,http://www.wikidata.org/entity/Q130232,drama film,2010
http://www.wikidata.org/entity/Q4025864,Ashlie Atkinson,female,http://www.wikidata.org/entity/Q1041743,An Invisible Sign,http://www.wikidata.org/entity/Q130232,drama film,2010
http://www.wikidata.org/entity/Q44077,Jessica Alba,female,http://www.wikidata.org/entity/Q1041743,An Invisible Sign,http://www.wikidata.org/entity/Q130232,drama film,2010
http://www.wikidata.org/entity/Q229410,Melissa Leo,female,http://www.wikidata.org/entity/Q1156495,Welcome to the Rileys,http://www.wikidata.org/entity/Q130232,drama film,2010
http://www.wikidata.org/entity/Q552997,Lateef Crowder Dos Santos,male,http://www.wikidata.org/entity/Q1092933,Undisputed III: Redemption,http://www.wikidata.org/entity/Q130232,drama film,2010
http://www.wikidata.org/entity/Q552997,Lateef Crowder Dos Santos,male,http://www.wikidata.org/entity/Q1092933,Undisputed III: Redemption,http://www.wikidata.org/entity/Q188473,action film,2010
http://www.wikidata.org/entity/Q552997,Lateef Crowder Dos Santos,male,http://www.wikidata.org/entity/Q1092933,Undisputed III: Redemption,http://www.wikidata.org/entity/Q2484376,thriller film,2010
http://www.wikidata.org/entity/Q183347,Lloyd Kaufman,male,http://www.wikidata.org/entity/Q947885,Gamer,http://www.wikidata.org/entity/Q188473,action film,2010
http://www.wikidata.org/entity/Q271464,Terry Crews,male,http://www.wikidata.org/entity/Q947885,Gamer,http://www.wikidata.org/entity/Q188473,action film,2010
http://www.wikidata.org/entity/Q165518,Ewan McGregor,male,http://www.wikidata.org/entity/Q1128867,I Love You Phillip Morris,http://www.wikidata.org/entity/Q959790,crime film,2010
http://www.wikidata.org/entity/Q165518,Ewan McGregor,male,http://www.wikidata.org/entity/Q1128867,I Love You Phillip Morris,http://www.wikidata.org/entity/Q130232,drama film,2010
http://www.wikidata.org/entity/Q165518,Ewan McGregor,male,http://www.wikidata.org/entity/Q1128867,I Love You Phillip Morris,http://www.wikidata.org/entity/Q188473,action film,2010
http://www.wikidata.org/entity/Q165518,Ewan McGregor,male,http://www.wikidata.org/entity/Q1128867,I Love You Phillip Morris,http://www.wikidata.org/entity/Q319221,adventure film,2010
http://www.wikidata.org/entity/Q165518,Ewan McGregor,male,http://www.wikidata.org/entity/Q1128867,I Love You Phillip Morris,http://www.wikidata.org/entity/Q959790,crime film,2010
http://www.wikidata.org/entity/Q17385901,J. D. Evermore,male,http://www.wikidata.org/entity/Q1128867,I Love You Phillip Morris,http://www.wikidata.org/entity/Q319221,adventure film,2010
http://www.wikidata.org/entity/Q17385901,J. D. Evermore,male,http://www.wikidata.org/entity/Q1128867,I Love You Phillip Morris,http://www.wikidata.org/entity/Q959790,crime film,2010
http://www.wikidata.org/entity/Q17385901,J. D. Evermore,male,http://www.wikidata.org/entity/Q1128867,I Love You Phillip Morris,http://www.wikidata.org/entity/Q130232,drama film,2010
http://www.wikidata.org/entity/Q17385901,J. D. Evermore,male,http://www.wikidata.org/entity/Q1128867,I Love You Phillip Morris,http://www.wikidata.org/entity/Q188473,action film,2010
http://www.wikidata.org/entity/Q17385901,J. D. Evermore,male,http://www.wikidata.org/entity/Q1128867,I Love You Phillip Morris,http://www.wikidata.org/entity/Q319221,adventure film,2010
http://www.wikidata.org/entity/Q183347,Lloyd Kaufman,male,http://www.wikidata.org/entity/Q947885,Gamer,http://www.wikidata.org/entity/Q2484376,thriller film,2010
http://www.wikidata.org/entity/Q271464,Terry Crews,male,http://www.wikidata.org/entity/Q947885,Gamer,http://www.wikidata.org/entity/Q2484376,thriller film,2010
http://www.wikidata.org/entity/Q17385901,J. D. Evermore,male,http://www.wikidata.org/entity/Q1128867,I Love You Phillip Morris,http://www.wikidata.org/entity/Q959790,crime film,2010
http://www.wikidata.org/entity/Q165518,Ewan McGregor,male,http://www.wikidata.org/entity/Q1128867,I Love You Phillip Morris,http://www.wikidata.org/entity/Q130232,drama film,2010
http://www.wikidata.org/entity/Q165518,Ewan McGregor,male,http://www.wikidata.org/entity/Q1128867,I Love You Phillip Morris,http://www.wikidata.org/entity/Q188473,action film,2010
http://www.wikidata.org/entity/Q165518,Ewan McGregor,male,http://www.wikidata.org/entity/Q1128867,I Love You Phillip Morris,http://www.wikidata.org/entity/Q319221,adventure film,2010
http://www.wikidata.org/entity/Q17385901,J. D. Evermore,male,http://www.wikidata.org/entity/Q1128867,I Love You Phillip Morris,http://www.wikidata.org/entity/Q130232,drama film,2010
http://www.wikidata.org/entity/Q17385901,J. D. Evermore,male,http://www.wikidata.org/entity/Q1128867,I Love You Phillip Morris,http://www.wikidata.org/entity/Q188473,action film,2010
http://www.wikidata.org/entity/Q313043,Richard Jenkins,male,http://www.wikidata.org/entity/Q1048360,The Visitor,http://www.wikidata.org/entity/Q130232,drama film,2010
http://www.wikidata.org/entity/Q313043,Richard Jenkins,male,http://www.wikidata.org/entity/Q1048360,The Visitor,http://www.wikidata.org/entity/Q959790,crime film,2010
http://www.wikidata.org/entity/Q165518,Ewan McGregor,male,http://www.wikidata.org/entity/Q1164779,The Men Who Stare at Goats,http://www.wikidata.org/entity/Q157443,comedy film,2010
http://www.wikidata.org/entity/Q165518,Ewan McGregor,male,http://www.wikidata.org/entity/Q1164779,The Men Who Stare at Goats,http://www.wikidata.org/entity/Q369747,war film,2010
http://www.wikidata.org/entity/Q205707,Bradley Cooper,male,http://www.wikidata.org/entity/Q1164919,Case 39,http://www.wikidata.org/entity/Q200092,horror film,2010
http://www.wikidata.org/entity/Q205707,Bradley Cooper,male,http://www.wikidata.org/entity/Q1164919,Case 39,http://www.wikidata.org/entity/Q1200678,mystery film,2010
http://www.wikidata.org/entity/Q205707,Bradley Cooper,male,http://www.wikidata.org/entity/Q1164919,Case 39,http://www.wikidata.org/entity/Q2484376,thriller film,2010
http://www.wikidata.org/entity/Q150482,J. K. Simmons,male,http://www.wikidata.org/entity/Q959335,Cats & Dogs: The Revenge of Kitty Galore,http://www.wikidata.org/entity/Q157443,comedy film,2010
http://www.wikidata.org/entity/Q296883,Joe Pantoliano,male,http://www.wikidata.org/entity/Q959335,Cats & Dogs: The Revenge of Kitty Galore,http://www.wikidata.org/entity/Q157443,comedy film,2010
http://www.wikidata.org/entity/Q14535,Fred Armisen,male,http://www.wikidata.org/entity/Q959335,Cats & Dogs: The Revenge of Kitty Galore,http://www.wikidata.org/entity/Q157443,comedy film,2010
http://www.wikidata.org/entity/Q14535,Fred Armisen,male,http://www.wikidata.org/entity/Q959335,Cats & Dogs: The Revenge of Kitty Galore,http://www.wikidata.org/entity/Q188473,action film,2010
http://www.wikidata.org/entity/Q165518,Ewan McGregor,male,http://www.wikidata.org/entity/Q1164779,The Men Who Stare at Goats,http://www.wikidata.org/entity/Q157443,comedy film,2010
http://www.wikidata.org/entity/Q165518,Ewan McGregor,male,http://www.wikidata.org/entity/Q1164779,The Men Who Stare at Goats,http://www.wikidata.org/entity/Q369747,war film,2010
http://www.wikidata.org/entity/Q150482,J. K. Simmons,male,http://www.wikidata.org/entity/Q959335,Cats & Dogs: The Revenge of Kitty Galore,http://www.wikidata.org/entity/Q188473,action film,2010
http://www.wikidata.org/entity/Q150482,J. K. Simmons,male,http://www.wikidata.org/entity/Q959335,Cats & Dogs: The Revenge of Kitty Galore,http://www.wikidata.org/entity/Q157443,comedy film,2010
http://www.wikidata.org/entity/Q150482,J. K. Simmons,male,http://www.wikidata.org/entity/Q959335,Cats & Dogs: The Revenge of Kitty Galore,http://www.wikidata.org/entity/Q188473,action film,2010
http://www.wikidata.org/entity/Q150482,J. K. Simmons,male,http://www.wikidata.org/entity/Q959335,Cats & Dogs: The Revenge of Kitty Galore,http://www.wikidata.org/entity/Q157443,comedy film,2010
http://www.wikidata.org/entity/Q296883,Joe Pantoliano,male,http://www.wikidata.org/entity/Q959335,Cats & Dogs: The Revenge of Kitty Galore,http://www.wikidata.org/entity/Q188473,action film,2010
http://www.wikidata.org/entity/Q296883,Joe Pantoliano,male,http://www.wikidata.org/entity/Q959335,Cats & Dogs: The Revenge of Kitty Galore,http://www.wikidata.org/entity/Q157443,comedy film,2010
http://www.wikidata.org/entity/Q296883,Joe Pantoliano,male,http://www.wikidata.org/entity/Q959335,Cats & Dogs: The Revenge of Kitty Galore,http://www.wikidata.org/entity/Q188473,action film,2010
http://www.wikidata.org/entity/Q296883,Joe Pantoliano,male,http://www.wikidata.org/entity/Q959335,Cats & Dogs: The Revenge of Kitty Galore,http://www.wikidata.org/entity/Q157443,comedy film,2010
http://www.wikidata.org/entity/Q14535,Fred Armisen,male,http://www.wikidata.org/entity/Q959335,Cats & Dogs: The Revenge of Kitty Galore,http://www.wikidata.org/entity/Q157443,comedy film,2010
http://www.wikidata.org/entity/Q14535,Fred Armisen,male,http://www.wikidata.org/entity/Q959335,Cats & Dogs: The Revenge of Kitty Galore,http://www.wikidata.org/entity/Q188473,action film,2010
http://www.wikidata.org/entity/Q14535,Fred Armisen,male,http://www.wikidata.org/entity/Q959335,Cats & Dogs: The Revenge of Kitty Galore,http://www.wikidata.org/entity/Q157443,comedy film,2010
http://www.wikidata.org/entity/Q150482,J. K. Simmons,male,http://www.wikidata.org/entity/Q959335,Cats & Dogs: The Revenge of Kitty Galore,http://www.wikidata.org/entity/Q188473,action film,2010
http://www.wikidata.org/entity/Q296883,Joe Pantoliano,male,http://www.wikidata.org/entity/Q959335,Cats & Dogs: The Revenge of Kitty Galore,http://www.wikidata.org/entity/Q188473,action film,2010
http://www.wikidata.org/entity/Q14535,Fred Armisen,male,http://www.wikidata.org/entity/Q959335,Cats & Dogs: The Revenge of Kitty Galore,http://www.wikidata.org/entity/Q188473,action film,2010
http://www.wikidata.org/entity/Q4241574,Nick Kroll,male,http://www.wikidata.org/entity/Q1139801,Date Night,http://www.wikidata.org/entity/Q157443,comedy film,2010
http://www.wikidata.org/entity/Q4241574,Nick Kroll,male,http://www.wikidata.org/entity/Q1139801,Date Night,http://www.wikidata.org/entity/Q188473,action film,2010
http://www.wikidata.org/entity/Q4241574,Nick Kroll,male,http://www.wikidata.org/entity/Q1139801,Date Night,http://www.wikidata.org/entity/Q959790,crime film,2010
http://www.wikidata.org/entity/Q4241574,Nick Kroll,male,http://www.wikidata.org/entity/Q1139801,Date Night,http://www.wikidata.org/entity/Q157443,comedy film,2010
http://www.wikidata.org/entity/Q4241574,Nick Kroll,male,http://www.wikidata.org/entity/Q1139801,Date Night,http://www.wikidata.org/entity/Q188473,action film,2010
http://www.wikidata.org/entity/Q4241574,Nick Kroll,male,http://www.wikidata.org/entity/Q1139801,Date Night,http://www.wikidata.org/entity/Q959790,crime film,2010
http://www.wikidata.org/entity/Q4241574,Nick Kroll,male,http://www.wikidata.org/entity/Q1139801,Date Night,http://www.wikidata.org/entity/Q157443,comedy film,2010
http://www.wikidata.org/entity/Q4241574,Nick Kroll,male,http://www.wikidata.org/entity/Q1139801,Date Night,http://www.wikidata.org/entity/Q188473,action film,2010
http://www.wikidata.org/entity/Q4241574,Nick Kroll,male,http://www.wikidata.org/entity/Q1139801,Date Night,http://www.wikidata.org/entity/Q959790,crime film,2010
http://www.wikidata.org/entity/Q235511,Taraji P. Henson,female,http://www.wikidata.org/entity/Q1139801,Date Night,http://www.wikidata.org/entity/Q157443,comedy film,2010
http://www.wikidata.org/entity/Q235511,Taraji P. Henson,female,http://www.wikidata.org/entity/Q1139801,Date Night,http://www.wikidata.org/entity/Q188473,action film,2010
http://www.wikidata.org/entity/Q235511,Taraji P. Henson,female,http://www.wikidata.org/entity/Q1139801,Date Night,http://www.wikidata.org/entity/Q959790,crime film,2010
http://www.wikidata.org/entity/Q306403,James Franco,male,http://www.wikidata.org/entity/Q1139801,Date Night,http://www.wikidata.org/entity/Q157443,comedy film,2010
http://www.wikidata.org/entity/Q306403,James Franco,male,http://www.wikidata.org/entity/Q1139801,Date Night,http://www.wikidata.org/entity/Q188473,action film,2010
http://www.wikidata.org/entity/Q306403,James Franco,male,http://www.wikidata.org/entity/Q1139801,Date Night,http://www.wikidata.org/entity/Q959790,crime film,2010
http://www.wikidata.org/entity/Q235511,Taraji P. Henson,female,http://www.wikidata.org/entity/Q1139801,Date Night,http://www.wikidata.org/entity/Q959790,crime film,2010
http://www.wikidata.org/entity/Q306403,James Franco,male,http://www.wikidata.org/entity/Q1139801,Date Night,http://www.wikidata.org/entity/Q959790,crime film,2010
http://www.wikidata.org/entity/Q235511,Taraji P. Henson,female,http://www.wikidata.org/entity/Q1139801,Date Night,http://www.wikidata.org/entity/Q157443,comedy film,2010
http://www.wikidata.org/entity/Q235511,Taraji P. Henson,female,http://www.wikidata.org/entity/Q1139801,Date Night,http://www.wikidata.org/entity/Q188473,action film,2010
http://www.wikidata.org/entity/Q235511,Taraji P. Henson,female,http://www.wikidata.org/entity/Q1139801,Date Night,http://www.wikidata.org/entity/Q959790,crime film,2010
http://www.wikidata.org/entity/Q235511,Taraji P. Henson,female,http://www.wikidata.org/entity/Q1139801,Date Night,http://www.wikidata.org/entity/Q157443,comedy film,2010
http://www.wikidata.org/entity/Q235511,Taraji P. Henson,female,http://www.wikidata.org/entity/Q1139801,Date Night,http://www.wikidata.org/entity/Q188473,action film,2010
http://www.wikidata.org/entity/Q306403,James Franco,male,http://www.wikidata.org/entity/Q1139801,Date Night,http://www.wikidata.org/entity/Q157443,comedy film,2010
http://www.wikidata.org/entity/Q306403,James Franco,male,http://www.wikidata.org/entity/Q1139801,Date Night,http://www.wikidata.org/entity/Q188473,action film,2010
http://www.wikidata.org/entity/Q306403,James Franco,male,http://www.wikidata.org/entity/Q1139801,Date Night,http://www.wikidata.org/entity/Q959790,crime film,2010
http://www.wikidata.org/entity/Q306403,James Franco,male,http://www.wikidata.org/entity/Q1139801,Date Night,http://www.wikidata.org/entity/Q157443,comedy film,2010
http://www.wikidata.org/entity/Q306403,James Franco,male,http://www.wikidata.org/entity/Q1139801,Date Night,http://www.wikidata.org/entity/Q188473,action film,2010
http://www.wikidata.org/entity/Q403902,Aidan Quinn,male,http://www.wikidata.org/entity/Q1343478,Flipped,http://www.wikidata.org/entity/Q130232,drama film,2010
http://www.wikidata.org/entity/Q58444,Liam Neeson,male,http://www.wikidata.org/entity/Q1192189,The Other Man,http://www.wikidata.org/entity/Q130232,drama film,2010
http://www.wikidata.org/entity/Q58444,Liam Neeson,male,http://www.wikidata.org/entity/Q1192189,The Other Man,http://www.wikidata.org/entity/Q1200678,mystery film,2010
http://www.wikidata.org/entity/Q3959303,Shea Whigham,male,http://www.wikidata.org/entity/Q1214605,The Conspirator,http://www.wikidata.org/entity/Q130232,drama film,2010
http://www.wikidata.org/entity/Q3959303,Shea Whigham,male,http://www.wikidata.org/entity/Q1214605,The Conspirator,http://www.wikidata.org/entity/Q645928,biographical film,2010
http://www.wikidata.org/entity/Q80405,Julianne Moore,female,http://www.wikidata.org/entity/Q1372295,The Private Lives of Pippa Lee,http://www.wikidata.org/entity/Q130232,drama film,2010
http://www.wikidata.org/entity/Q218210,Zoe Kazan,female,http://www.wikidata.org/entity/Q1372295,The Private Lives of Pippa Lee,http://www.wikidata.org/entity/Q130232,drama film,2010
http://www.wikidata.org/entity/Q271464,Terry Crews,male,http://www.wikidata.org/entity/Q1497862,Middle Men,http://www.wikidata.org/entity/Q157443,comedy film,2010
http://www.wikidata.org/entity/Q271464,Terry Crews,male,http://www.wikidata.org/entity/Q1497862,Middle Men,http://www.wikidata.org/entity/Q130232,drama film,2010
http://www.wikidata.org/entity/Q271464,Terry Crews,male,http://www.wikidata.org/entity/Q1497862,Middle Men,http://www.wikidata.org/entity/Q157443,comedy film,2010
http://www.wikidata.org/entity/Q271464,Terry Crews,male,http://www.wikidata.org/entity/Q1497862,Middle Men,http://www.wikidata.org/entity/Q130232,drama film,2010
http://www.wikidata.org/entity/Q44077,Jessica Alba,female,http://www.wikidata.org/entity/Q1409165,The Killer Inside Me,http://www.wikidata.org/entity/Q130232,drama film,2010
http://www.wikidata.org/entity/Q44077,Jessica Alba,female,http://www.wikidata.org/entity/Q1409165,The Killer Inside Me,http://www.wikidata.org/entity/Q2484376,thriller film,2010
http://www.wikidata.org/entity/Q139325,Zach Galifianakis,male,http://www.wikidata.org/entity/Q1508772,It's Kind of a Funny Story,http://www.wikidata.org/entity/Q157443,comedy film,2010
http://www.wikidata.org/entity/Q1148822,T. J. Miller,male,http://www.wikidata.org/entity/Q1320997,Gulliver's Travels,http://www.wikidata.org/entity/Q157394,fantasy film,2010
http://www.wikidata.org/entity/Q1148822,T. J. Miller,male,http://www.wikidata.org/entity/Q1320997,Gulliver's Travels,http://www.wikidata.org/entity/Q157443,comedy film,2010
http://www.wikidata.org/entity/Q41396,Josh Brolin,male,http://www.wikidata.org/entity/Q1321004,You Will Meet a Tall Dark Stranger,http://www.wikidata.org/entity/Q130232,drama film,2010
http://www.wikidata.org/entity/Q41396,Josh Brolin,male,http://www.wikidata.org/entity/Q1321004,You Will Meet a Tall Dark Stranger,http://www.wikidata.org/entity/Q130232,drama film,2010
http://www.wikidata.org/entity/Q192165,Danny Glover,male,http://www.wikidata.org/entity/Q1508378,Death at a Funeral,http://www.wikidata.org/entity/Q157443,comedy film,2010
http://www.wikidata.org/entity/Q257271,Loretta Devine,female,http://www.wikidata.org/entity/Q1508378,Death at a Funeral,http://www.wikidata.org/entity/Q157443,comedy film,2010
http://www.wikidata.org/entity/Q36949,Robert De Niro,male,http://www.wikidata.org/entity/Q1508501,Stone,http://www.wikidata.org/entity/Q130232,drama film,2010
http://www.wikidata.org/entity/Q36949,Robert De Niro,male,http://www.wikidata.org/entity/Q1508501,Stone,http://www.wikidata.org/entity/Q188473,action film,2010
http://www.wikidata.org/entity/Q6060,50 Cent,male,http://www.wikidata.org/entity/Q1576744,Twelve,http://www.wikidata.org/entity/Q188473,action film,2010
http://www.wikidata.org/entity/Q6060,50 Cent,male,http://www.wikidata.org/entity/Q1576744,Twelve,http://www.wikidata.org/entity/Q959790,crime film,2010
http://www.wikidata.org/entity/Q6060,50 Cent,male,http://www.wikidata.org/entity/Q1576744,Twelve,http://www.wikidata.org/entity/Q130232,drama film,2010
http://www.wikidata.org/entity/Q6060,50 Cent,male,http://www.wikidata.org/entity/Q1576744,Twelve,http://www.wikidata.org/entity/Q188473,action film,2010
http://www.wikidata.org/entity/Q6060,50 Cent,male,http://www.wikidata.org/entity/Q1576744,Twelve,http://www.wikidata.org/entity/Q959790,crime film,2010
http://www.wikidata.org/entity/Q6060,50 Cent,male,http://www.wikidata.org/entity/Q1576744,Twelve,http://www.wikidata.org/entity/Q130232,drama film,2010
http://www.wikidata.org/entity/Q139325,Zach Galifianakis,male,http://www.wikidata.org/entity/Q1226599,Dinner for Schmucks,http://www.wikidata.org/entity/Q157443,comedy film,2010
http://www.wikidata.org/entity/Q139325,Zach Galifianakis,male,http://www.wikidata.org/entity/Q1226599,Dinner for Schmucks,http://www.wikidata.org/entity/Q157443,comedy film,2010
http://www.wikidata.org/entity/Q272927,Kristen Schaal,female,http://www.wikidata.org/entity/Q1226599,Dinner for Schmucks,http://www.wikidata.org/entity/Q157443,comedy film,2010
http://www.wikidata.org/entity/Q272927,Kristen Schaal,female,http://www.wikidata.org/entity/Q1226599,Dinner for Schmucks,http://www.wikidata.org/entity/Q157443,comedy film,2010
http://www.wikidata.org/entity/Q4241574,Nick Kroll,male,http://www.wikidata.org/entity/Q1226599,Dinner for Schmucks,http://www.wikidata.org/entity/Q157443,comedy film,2010
http://www.wikidata.org/entity/Q4241574,Nick Kroll,male,http://www.wikidata.org/entity/Q1226599,Dinner for Schmucks,http://www.wikidata.org/entity/Q157443,comedy film,2010
http://www.wikidata.org/entity/Q191084,Val Kilmer,male,http://www.wikidata.org/entity/Q1579371,MacGruber,http://www.wikidata.org/entity/Q188473,action film,2010
http://www.wikidata.org/entity/Q272927,Kristen Schaal,female,http://www.wikidata.org/entity/Q1464230,Cirque du Freak: The Vampire's Assistant,http://www.wikidata.org/entity/Q157394,fantasy film,2010
http://www.wikidata.org/entity/Q272927,Kristen Schaal,female,http://www.wikidata.org/entity/Q1464230,Cirque du Freak: The Vampire's Assistant,http://www.wikidata.org/entity/Q157394,fantasy film,2010
http://www.wikidata.org/entity/Q182763,Forest Whitaker,male,http://www.wikidata.org/entity/Q1460779,Repo Men,http://www.wikidata.org/entity/Q2484376,thriller film,2010
http://www.wikidata.org/entity/Q182763,Forest Whitaker,male,http://www.wikidata.org/entity/Q1460779,Repo Men,http://www.wikidata.org/entity/Q188473,action film,2010
http://www.wikidata.org/entity/Q182763,Forest Whitaker,male,http://www.wikidata.org/entity/Q1460779,Repo Men,http://www.wikidata.org/entity/Q2484376,thriller film,2010
http://www.wikidata.org/entity/Q182763,Forest Whitaker,male,http://www.wikidata.org/entity/Q1460779,Repo Men,http://www.wikidata.org/entity/Q188473,action film,2010
http://www.wikidata.org/entity/Q313788,Dean Cain,male,http://www.wikidata.org/entity/Q1583007,Abandoned,http://www.wikidata.org/entity/Q2484376,thriller film,2010
http://www.wikidata.org/entity/Q183347,Lloyd Kaufman,male,http://www.wikidata.org/entity/Q1588862,Hatchet II,http://www.wikidata.org/entity/Q853630,slasher film,2010
http://www.wikidata.org/entity/Q449822,Lin Shaye,female,http://www.wikidata.org/entity/Q1523906,Killer by Nature,http://www.wikidata.org/entity/Q2484376,thriller film,2010
http://www.wikidata.org/entity/Q192165,Danny Glover,male,http://www.wikidata.org/entity/Q1481681,Five Minarets in New York,http://www.wikidata.org/entity/Q188473,action film,2010
http://www.wikidata.org/entity/Q192165,Danny Glover,male,http://www.wikidata.org/entity/Q1481681,Five Minarets in New York,http://www.wikidata.org/entity/Q959790,crime film,2010
http://www.wikidata.org/entity/Q192165,Danny Glover,male,http://www.wikidata.org/entity/Q1481681,Five Minarets in New York,http://www.wikidata.org/entity/Q2484376,thriller film,2010
http://www.wikidata.org/entity/Q192165,Danny Glover,male,http://www.wikidata.org/entity/Q1481681,Five Minarets in New York,http://www.wikidata.org/entity/Q188473,action film,2010
http://www.wikidata.org/entity/Q192165,Danny Glover,male,http://www.wikidata.org/entity/Q1481681,Five Minarets in New York,http://www.wikidata.org/entity/Q959790,crime film,2010
http://www.wikidata.org/entity/Q192165,Danny Glover,male,http://www.wikidata.org/entity/Q1481681,Five Minarets in New York,http://www.wikidata.org/entity/Q2484376,thriller film,2010
http://www.wikidata.org/entity/Q552997,Lateef Crowder Dos Santos,male,http://www.wikidata.org/entity/Q1768289,Mortal Kombat: Rebirth,http://www.wikidata.org/entity/Q188473,action film,2010
http://www.wikidata.org/entity/Q192165,Danny Glover,male,http://www.wikidata.org/entity/Q1481681,Five Minarets in New York,http://www.wikidata.org/entity/Q188473,action film,2010
http://www.wikidata.org/entity/Q192165,Danny Glover,male,http://www.wikidata.org/entity/Q1481681,Five Minarets in New York,http://www.wikidata.org/entity/Q959790,crime film,2010
http://www.wikidata.org/entity/Q192165,Danny Glover,male,http://www.wikidata.org/entity/Q1481681,Five Minarets in New York,http://www.wikidata.org/entity/Q2484376,thriller film,2010
http://www.wikidata.org/entity/Q342665,Jeffrey Dean Morgan,male,http://www.wikidata.org/entity/Q1760081,The Losers,http://www.wikidata.org/entity/Q188473,action film,2010
http://www.wikidata.org/entity/Q342665,Jeffrey Dean Morgan,male,http://www.wikidata.org/entity/Q1760081,The Losers,http://www.wikidata.org/entity/Q959790,crime film,2010
http://www.wikidata.org/entity/Q306403,James Franco,male,http://www.wikidata.org/entity/Q1632040,Howl,http://www.wikidata.org/entity/Q130232,drama film,2010
http://www.wikidata.org/entity/Q306403,James Franco,male,http://www.wikidata.org/entity/Q1632040,Howl,http://www.wikidata.org/entity/Q645928,biographical film,2010
http://www.wikidata.org/entity/Q1083719,Christine Nguyen,female,http://www.wikidata.org/entity/Q1720855,Kaboom,http://www.wikidata.org/entity/Q157394,fantasy film,2010
http://www.wikidata.org/entity/Q1083719,Christine Nguyen,female,http://www.wikidata.org/entity/Q1720855,Kaboom,http://www.wikidata.org/entity/Q157443,comedy film,2010
http://www.wikidata.org/entity/Q1083719,Christine Nguyen,female,http://www.wikidata.org/entity/Q1720855,Kaboom,http://www.wikidata.org/entity/Q1200678,mystery film,2010
http://www.wikidata.org/entity/Q177311,Joseph Gordon-Levitt,male,http://www.wikidata.org/entity/Q1753824,Hesher,http://www.wikidata.org/entity/Q130232,drama film,2010
http://www.wikidata.org/entity/Q37876,Natalie Portman,female,http://www.wikidata.org/entity/Q1753824,Hesher,http://www.wikidata.org/entity/Q130232,drama film,2010
http://www.wikidata.org/entity/Q192165,Danny Glover,male,http://www.wikidata.org/entity/Q1552765,I'm Still Here,http://www.wikidata.org/entity/Q157443,comedy film,2010
http://www.wikidata.org/entity/Q2680,Bruce Willis,male,http://www.wikidata.org/entity/Q1552765,I'm Still Here,http://www.wikidata.org/entity/Q157443,comedy film,2010
http://www.wikidata.org/entity/Q37876,Natalie Portman,female,http://www.wikidata.org/entity/Q1552765,I'm Still Here,http://www.wikidata.org/entity/Q157443,comedy film,2010
http://www.wikidata.org/entity/Q192165,Danny Glover,male,http://www.wikidata.org/entity/Q1812457,Legendary,http://www.wikidata.org/entity/Q130232,drama film,2010
http://www.wikidata.org/entity/Q17385901,J. D. Evermore,male,http://www.wikidata.org/entity/Q1812457,Legendary,http://www.wikidata.org/entity/Q130232,drama film,2010
http://www.wikidata.org/entity/Q223830,Danny Trejo,male,http://www.wikidata.org/entity/Q1638905,Shadows in Paradise,http://www.wikidata.org/entity/Q188473,action film,2010
http://www.wikidata.org/entity/Q150482,J. K. Simmons,male,http://www.wikidata.org/entity/Q2053673,Crazy on the Outside,http://www.wikidata.org/entity/Q157443,comedy film,2010
http://www.wikidata.org/entity/Q150482,J. K. Simmons,male,http://www.wikidata.org/entity/Q2053673,Crazy on the Outside,http://www.wikidata.org/entity/Q959790,crime film,2010
http://www.wikidata.org/entity/Q139325,Zach Galifianakis,male,http://www.wikidata.org/entity/Q2001714,Operation: Endgame,http://www.wikidata.org/entity/Q1200678,mystery film,2010
http://www.wikidata.org/entity/Q310315,Ving Rhames,male,http://www.wikidata.org/entity/Q2001714,Operation: Endgame,http://www.wikidata.org/entity/Q1200678,mystery film,2010
http://www.wikidata.org/entity/Q348738,Brandon T. Jackson,male,http://www.wikidata.org/entity/Q2001714,Operation: Endgame,http://www.wikidata.org/entity/Q1200678,mystery film,2010
http://www.wikidata.org/entity/Q139325,Zach Galifianakis,male,http://www.wikidata.org/entity/Q2001714,Operation: Endgame,http://www.wikidata.org/entity/Q188473,action film,2010
http://www.wikidata.org/entity/Q310315,Ving Rhames,male,http://www.wikidata.org/entity/Q2001714,Operation: Endgame,http://www.wikidata.org/entity/Q188473,action film,2010
http://www.wikidata.org/entity/Q348738,Brandon T. Jackson,male,http://www.wikidata.org/entity/Q2001714,Operation: Endgame,http://www.wikidata.org/entity/Q188473,action film,2010
http://www.wikidata.org/entity/Q182763,Forest Whitaker,male,http://www.wikidata.org/entity/Q2031385,Hurricane Season,http://www.wikidata.org/entity/Q130232,drama film,2010
http://www.wikidata.org/entity/Q235511,Taraji P. Henson,female,http://www.wikidata.org/entity/Q2031385,Hurricane Season,http://www.wikidata.org/entity/Q130232,drama film,2010
http://www.wikidata.org/entity/Q191084,Val Kilmer,male,http://www.wikidata.org/entity/Q2083437,The Traveler,http://www.wikidata.org/entity/Q200092,horror film,2010
http://www.wikidata.org/entity/Q449822,Lin Shaye,female,http://www.wikidata.org/entity/Q2076983,Never Sleep Again: The Elm Street Legacy,http://www.wikidata.org/entity/Q93204,documentary film,2010
http://www.wikidata.org/entity/Q80405,Julianne Moore,female,http://www.wikidata.org/entity/Q2413607,Shelter,http://www.wikidata.org/entity/Q200092,horror film,2010
http://www.wikidata.org/entity/Q80405,Julianne Moore,female,http://www.wikidata.org/entity/Q2413607,Shelter,http://www.wikidata.org/entity/Q2484376,thriller film,2010
http://www.wikidata.org/entity/Q41396,Josh Brolin,male,http://www.wikidata.org/entity/Q2386223,The Tillman Story,http://www.wikidata.org/entity/Q93204,documentary film,2010
http://www.wikidata.org/entity/Q80405,Julianne Moore,female,http://www.wikidata.org/entity/Q3050651,Elektra Luxx,http://www.wikidata.org/entity/Q157443,comedy film,2010
http://www.wikidata.org/entity/Q177311,Joseph Gordon-Levitt,male,http://www.wikidata.org/entity/Q3050651,Elektra Luxx,http://www.wikidata.org/entity/Q157443,comedy film,2010
http://www.wikidata.org/entity/Q41396,Josh Brolin,male,http://www.wikidata.org/entity/Q3050651,Elektra Luxx,http://www.wikidata.org/entity/Q157443,comedy film,2010
http://www.wikidata.org/entity/Q313788,Dean Cain,male,http://www.wikidata.org/entity/Q3139312,Hole in One,http://www.wikidata.org/entity/Q157443,comedy film,2010
http://www.wikidata.org/entity/Q296883,Joe Pantoliano,male,http://www.wikidata.org/entity/Q3020598,Deadly Impact,http://www.wikidata.org/entity/Q188473,action film,2010
http://www.wikidata.org/entity/Q296883,Joe Pantoliano,male,http://www.wikidata.org/entity/Q3020598,Deadly Impact,http://www.wikidata.org/entity/Q2484376,thriller film,2010
http://www.wikidata.org/entity/Q191084,Val Kilmer,male,http://www.wikidata.org/entity/Q3284270,Bloodworth,http://www.wikidata.org/entity/Q130232,drama film,2010
http://www.wikidata.org/entity/Q2004409,Rance Howard,male,http://www.wikidata.org/entity/Q3284270,Bloodworth,http://www.wikidata.org/entity/Q130232,drama film,2010
http://www.wikidata.org/entity/Q306403,James Franco,male,http://www.wikidata.org/entity/Q3264236,Love & Distrust,http://www.wikidata.org/entity/Q130232,drama film,2010
http://www.wikidata.org/entity/Q306403,James Franco,male,http://www.wikidata.org/entity/Q3264236,Love & Distrust,http://www.wikidata.org/entity/Q157443,comedy film,2010
http://www.wikidata.org/entity/Q17385901,J. D. Evermore,male,http://www.wikidata.org/entity/Q3220782,The Chameleon,http://www.wikidata.org/entity/Q130232,drama film,2010
http://www.wikidata.org/entity/Q207969,Eric Roberts,male,http://www.wikidata.org/entity/Q3481512,Sharktopus,http://www.wikidata.org/entity/Q157443,comedy film,2010
http://www.wikidata.org/entity/Q207969,Eric Roberts,male,http://www.wikidata.org/entity/Q3481512,Sharktopus,http://www.wikidata.org/entity/Q188473,action film,2010
http://www.wikidata.org/entity/Q207969,Eric Roberts,male,http://www.wikidata.org/entity/Q3481512,Sharktopus,http://www.wikidata.org/entity/Q200092,horror film,2010
http://www.wikidata.org/entity/Q207969,Eric Roberts,male,http://www.wikidata.org/entity/Q3481512,Sharktopus,http://www.wikidata.org/entity/Q319221,adventure film,2010
http://www.wikidata.org/entity/Q207969,Eric Roberts,male,http://www.wikidata.org/entity/Q3481512,Sharktopus,http://www.wikidata.org/entity/Q846544,disaster film,2010
http://www.wikidata.org/entity/Q207969,Eric Roberts,male,http://www.wikidata.org/entity/Q3481512,Sharktopus,http://www.wikidata.org/entity/Q157443,comedy film,2010
http://www.wikidata.org/entity/Q207969,Eric Roberts,male,http://www.wikidata.org/entity/Q3481512,Sharktopus,http://www.wikidata.org/entity/Q188473,action film,2010
http://www.wikidata.org/entity/Q207969,Eric Roberts,male,http://www.wikidata.org/entity/Q3481512,Sharktopus,http://www.wikidata.org/entity/Q200092,horror film,2010
http://www.wikidata.org/entity/Q207969,Eric Roberts,male,http://www.wikidata.org/entity/Q3481512,Sharktopus,http://www.wikidata.org/entity/Q319221,adventure film,2010
http://www.wikidata.org/entity/Q207969,Eric Roberts,male,http://www.wikidata.org/entity/Q3481512,Sharktopus,http://www.wikidata.org/entity/Q846544,disaster film,2010
http://www.wikidata.org/entity/Q313788,Dean Cain,male,http://www.wikidata.org/entity/Q3549637,A Nanny for Christmas,http://www.wikidata.org/entity/Q157443,comedy film,2010
http://www.wikidata.org/entity/Q223830,Danny Trejo,male,http://www.wikidata.org/entity/Q3521475,The Killing Jar,http://www.wikidata.org/entity/Q959790,crime film,2010
http://www.wikidata.org/entity/Q223830,Danny Trejo,male,http://www.wikidata.org/entity/Q3521475,The Killing Jar,http://www.wikidata.org/entity/Q2484376,thriller film,2010
http://www.wikidata.org/entity/Q207969,Eric Roberts,male,http://www.wikidata.org/entity/Q3556302,Enemies Among Us,http://www.wikidata.org/entity/Q188473,action film,2010
http://www.wikidata.org/entity/Q207969,Eric Roberts,male,http://www.wikidata.org/entity/Q3556302,Enemies Among Us,http://www.wikidata.org/entity/Q959790,crime film,2010
http://www.wikidata.org/entity/Q207969,Eric Roberts,male,http://www.wikidata.org/entity/Q3556302,Enemies Among Us,http://www.wikidata.org/entity/Q2484376,thriller film,2010
http://www.wikidata.org/entity/Q403902,Aidan Quinn,male,http://www.wikidata.org/entity/Q3604780,Across the Line: The Exodus of Charlie Wright,http://www.wikidata.org/entity/Q188473,action film,2010
http://www.wikidata.org/entity/Q718343,Gary Daniels,male,http://www.wikidata.org/entity/Q3604780,Across the Line: The Exodus of Charlie Wright,http://www.wikidata.org/entity/Q188473,action film,2010
http://www.wikidata.org/entity/Q230523,Juliette Lewis,female,http://www.wikidata.org/entity/Q3507578,Sympathy for Delicious,http://www.wikidata.org/entity/Q130232,drama film,2010
http://www.wikidata.org/entity/Q236189,Judy Greer,female,http://www.wikidata.org/entity/Q3635236,Barry Munday,http://www.wikidata.org/entity/Q157443,comedy film,2010
http://www.wikidata.org/entity/Q351290,Patrick Wilson,male,http://www.wikidata.org/entity/Q3635236,Barry Munday,http://www.wikidata.org/entity/Q157443,comedy film,2010
http://www.wikidata.org/entity/Q3959303,Shea Whigham,male,http://www.wikidata.org/entity/Q3635236,Barry Munday,http://www.wikidata.org/entity/Q157443,comedy film,2010
http://www.wikidata.org/entity/Q207969,Eric Roberts,male,http://www.wikidata.org/entity/Q3798499,Inferno: The Making of 'The Expendables',http://www.wikidata.org/entity/Q93204,documentary film,2010
http://www.wikidata.org/entity/Q271464,Terry Crews,male,http://www.wikidata.org/entity/Q3798499,Inferno: The Making of 'The Expendables',http://www.wikidata.org/entity/Q93204,documentary film,2010
http://www.wikidata.org/entity/Q718343,Gary Daniels,male,http://www.wikidata.org/entity/Q3798499,Inferno: The Making of 'The Expendables',http://www.wikidata.org/entity/Q93204,documentary film,2010
http://www.wikidata.org/entity/Q2680,Bruce Willis,male,http://www.wikidata.org/entity/Q3798499,Inferno: The Making of 'The Expendables',http://www.wikidata.org/entity/Q93204,documentary film,2010
http://www.wikidata.org/entity/Q2685,Arnold Schwarzenegger,male,http://www.wikidata.org/entity/Q3798499,Inferno: The Making of 'The Expendables',http://www.wikidata.org/entity/Q93204,documentary film,2010
http://www.wikidata.org/entity/Q310315,Ving Rhames,male,http://www.wikidata.org/entity/Q3851580,Master Harold...and the Boys,http://www.wikidata.org/entity/Q130232,drama film,2010
http://www.wikidata.org/entity/Q102551,Ernest Borgnine,male,http://www.wikidata.org/entity/Q3818245,Another Harvest Moon,http://www.wikidata.org/entity/Q130232,drama film,2010
http://www.wikidata.org/entity/Q102551,Ernest Borgnine,male,http://www.wikidata.org/entity/Q3987196,The Genesis Code,http://www.wikidata.org/entity/Q130232,drama film,2010
http://www.wikidata.org/entity/Q2004409,Rance Howard,male,http://www.wikidata.org/entity/Q3987196,The Genesis Code,http://www.wikidata.org/entity/Q130232,drama film,2010
http://www.wikidata.org/entity/Q229410,Melissa Leo,female,http://www.wikidata.org/entity/Q4288116,The Space Between,http://www.wikidata.org/entity/Q130232,drama film,2010
http://www.wikidata.org/entity/Q257271,Loretta Devine,female,http://www.wikidata.org/entity/Q4359765,For Colored Girls,http://www.wikidata.org/entity/Q130232,drama film,2010
http://www.wikidata.org/entity/Q718343,Gary Daniels,male,http://www.wikidata.org/entity/Q4186675,The Lazarus Papers,http://www.wikidata.org/entity/Q188473,action film,2010
http://www.wikidata.org/entity/Q223830,Danny Trejo,male,http://www.wikidata.org/entity/Q4186675,The Lazarus Papers,http://www.wikidata.org/entity/Q188473,action film,2010
http://www.wikidata.org/entity/Q273208,Chris Cooper,male,http://www.wikidata.org/entity/Q4746229,Amigo,http://www.wikidata.org/entity/Q130232,drama film,2010
http://www.wikidata.org/entity/Q207969,Eric Roberts,male,http://www.wikidata.org/entity/Q4878938,Bed & Breakfast,http://www.wikidata.org/entity/Q157443,comedy film,2010
http://www.wikidata.org/entity/Q313788,Dean Cain,male,http://www.wikidata.org/entity/Q4878938,Bed & Breakfast,http://www.wikidata.org/entity/Q157443,comedy film,2010
http://www.wikidata.org/entity/Q6060,50 Cent,male,http://www.wikidata.org/entity/Q5054460,Caught in the Crossfire,http://www.wikidata.org/entity/Q130232,drama film,2010
http://www.wikidata.org/entity/Q6060,50 Cent,male,http://www.wikidata.org/entity/Q5054460,Caught in the Crossfire,http://www.wikidata.org/entity/Q188473,action film,2010
http://www.wikidata.org/entity/Q6060,50 Cent,male,http://www.wikidata.org/entity/Q5054460,Caught in the Crossfire,http://www.wikidata.org/entity/Q959790,crime film,2010
http://www.wikidata.org/entity/Q192165,Danny Glover,male,http://www.wikidata.org/entity/Q5302942,Down for Life,http://www.wikidata.org/entity/Q130232,drama film,2010
http://www.wikidata.org/entity/Q207969,Eric Roberts,male,http://www.wikidata.org/entity/Q5221136,Dante's Inferno Animated,http://www.wikidata.org/entity/Q200092,horror film,2010
http://www.wikidata.org/entity/Q449822,Lin Shaye,female,http://www.wikidata.org/entity/Q5356859,Small Town Saturday Night,http://www.wikidata.org/entity/Q130232,drama film,2010
http://www.wikidata.org/entity/Q403902,Aidan Quinn,male,http://www.wikidata.org/entity/Q5445789,Festival of Lights,http://www.wikidata.org/entity/Q130232,drama film,2010
http://www.wikidata.org/entity/Q2685,Arnold Schwarzenegger,male,http://www.wikidata.org/entity/Q5553079,Gerrymandering,http://www.wikidata.org/entity/Q93204,documentary film,2010
http://www.wikidata.org/entity/Q257271,Loretta Devine,female,http://www.wikidata.org/entity/Q6684966,Lottery Ticket,http://www.wikidata.org/entity/Q157443,comedy film,2010
http://www.wikidata.org/entity/Q271464,Terry Crews,male,http://www.wikidata.org/entity/Q6684966,Lottery Ticket,http://www.wikidata.org/entity/Q157443,comedy film,2010
http://www.wikidata.org/entity/Q348738,Brandon T. Jackson,male,http://www.wikidata.org/entity/Q6684966,Lottery Ticket,http://www.wikidata.org/entity/Q157443,comedy film,2010
http://www.wikidata.org/entity/Q183347,Lloyd Kaufman,male,http://www.wikidata.org/entity/Q6421427,Klown Kamp Massacre,http://www.wikidata.org/entity/Q200092,horror film,2010
http://www.wikidata.org/entity/Q183347,Lloyd Kaufman,male,http://www.wikidata.org/entity/Q6421427,Klown Kamp Massacre,http://www.wikidata.org/entity/Q853630,slasher film,2010
http://www.wikidata.org/entity/Q36949,Robert De Niro,male,http://www.wikidata.org/entity/Q6807857,Meet the Parents trilogy,http://www.wikidata.org/entity/Q157443,comedy film,2010
http://www.wikidata.org/entity/Q2685,Arnold Schwarzenegger,male,http://www.wikidata.org/entity/Q7068013,Nuclear Tipping Point,http://www.wikidata.org/entity/Q93204,documentary film,2010
http://www.wikidata.org/entity/Q348738,Brandon T. Jackson,male,http://www.wikidata.org/entity/Q7167417,Percy Jackson & the Olympians,http://www.wikidata.org/entity/Q157394,fantasy film,2010
http://www.wikidata.org/entity/Q306403,James Franco,male,http://www.wikidata.org/entity/Q7460801,Shadows and Lies,http://www.wikidata.org/entity/Q130232,drama film,2010
http://www.wikidata.org/entity/Q306403,James Franco,male,http://www.wikidata.org/entity/Q7460801,Shadows and Lies,http://www.wikidata.org/entity/Q959790,crime film,2010
http://www.wikidata.org/entity/Q175535,Matt Damon,male,http://www.wikidata.org/entity/Q7694451,Teenage Paparazzo,http://www.wikidata.org/entity/Q93204,documentary film,2010
http://www.wikidata.org/entity/Q223830,Danny Trejo,male,http://www.wikidata.org/entity/Q7717981,The Bill Collector,http://www.wikidata.org/entity/Q157443,comedy film,2010
http://www.wikidata.org/entity/Q229410,Melissa Leo,female,http://www.wikidata.org/entity/Q7731098,The Dry Land,http://www.wikidata.org/entity/Q130232,drama film,2010
http://www.wikidata.org/entity/Q73930,Lochlyn Munro,male,http://www.wikidata.org/entity/Q7722390,The Chicago 8,http://www.wikidata.org/entity/Q130232,drama film,2010
http://www.wikidata.org/entity/Q28493,Ralph Fiennes,male,http://www.wikidata.org/entity/Q7774950,The Wildest Dream,http://www.wikidata.org/entity/Q93204,documentary film,2010
http://www.wikidata.org/entity/Q28493,Ralph Fiennes,male,http://www.wikidata.org/entity/Q7774950,The Wildest Dream,http://www.wikidata.org/entity/Q319221,adventure film,2010
http://www.wikidata.org/entity/Q28493,Ralph Fiennes,male,http://www.wikidata.org/entity/Q7774950,The Wildest Dream,http://www.wikidata.org/entity/Q645928,biographical film,2010
http://www.wikidata.org/entity/Q28493,Ralph Fiennes,male,http://www.wikidata.org/entity/Q7774950,The Wildest Dream,http://www.wikidata.org/entity/Q1339864,sport film,2010
http://www.wikidata.org/entity/Q28493,Ralph Fiennes,male,http://www.wikidata.org/entity/Q7774950,The Wildest Dream,http://www.wikidata.org/entity/Q93204,documentary film,2010
http://www.wikidata.org/entity/Q28493,Ralph Fiennes,male,http://www.wikidata.org/entity/Q7774950,The Wildest Dream,http://www.wikidata.org/entity/Q319221,adventure film,2010
http://www.wikidata.org/entity/Q28493,Ralph Fiennes,male,http://www.wikidata.org/entity/Q7774950,The Wildest Dream,http://www.wikidata.org/entity/Q645928,biographical film,2010
http://www.wikidata.org/entity/Q28493,Ralph Fiennes,male,http://www.wikidata.org/entity/Q7774950,The Wildest Dream,http://www.wikidata.org/entity/Q1339864,sport film,2010
http://www.wikidata.org/entity/Q58444,Liam Neeson,male,http://www.wikidata.org/entity/Q7774950,The Wildest Dream,http://www.wikidata.org/entity/Q93204,documentary film,2010
http://www.wikidata.org/entity/Q58444,Liam Neeson,male,http://www.wikidata.org/entity/Q7774950,The Wildest Dream,http://www.wikidata.org/entity/Q319221,adventure film,2010
http://www.wikidata.org/entity/Q58444,Liam Neeson,male,http://www.wikidata.org/entity/Q7774950,The Wildest Dream,http://www.wikidata.org/entity/Q645928,biographical film,2010
http://www.wikidata.org/entity/Q58444,Liam Neeson,male,http://www.wikidata.org/entity/Q7774950,The Wildest Dream,http://www.wikidata.org/entity/Q1339864,sport film,2010
http://www.wikidata.org/entity/Q58444,Liam Neeson,male,http://www.wikidata.org/entity/Q7774950,The Wildest Dream,http://www.wikidata.org/entity/Q93204,documentary film,2010
http://www.wikidata.org/entity/Q58444,Liam Neeson,male,http://www.wikidata.org/entity/Q7774950,The Wildest Dream,http://www.wikidata.org/entity/Q319221,adventure film,2010
http://www.wikidata.org/entity/Q58444,Liam Neeson,male,http://www.wikidata.org/entity/Q7774950,The Wildest Dream,http://www.wikidata.org/entity/Q645928,biographical film,2010
http://www.wikidata.org/entity/Q58444,Liam Neeson,male,http://www.wikidata.org/entity/Q7774950,The Wildest Dream,http://www.wikidata.org/entity/Q1339864,sport film,2010
http://www.wikidata.org/entity/Q73930,Lochlyn Munro,male,http://www.wikidata.org/entity/Q7756586,The Penthouse,http://www.wikidata.org/entity/Q157443,comedy film,2010
http://www.wikidata.org/entity/Q449822,Lin Shaye,female,http://www.wikidata.org/entity/Q7756586,The Penthouse,http://www.wikidata.org/entity/Q157443,comedy film,2010
http://www.wikidata.org/entity/Q73930,Lochlyn Munro,male,http://www.wikidata.org/entity/Q7830352,Toxic,http://www.wikidata.org/entity/Q959790,crime film,2010
http://www.wikidata.org/entity/Q73930,Lochlyn Munro,male,http://www.wikidata.org/entity/Q7830352,Toxic,http://www.wikidata.org/entity/Q2484376,thriller film,2010
http://www.wikidata.org/entity/Q223830,Danny Trejo,male,http://www.wikidata.org/entity/Q7830352,Toxic,http://www.wikidata.org/entity/Q959790,crime film,2010
http://www.wikidata.org/entity/Q223830,Danny Trejo,male,http://www.wikidata.org/entity/Q7830352,Toxic,http://www.wikidata.org/entity/Q2484376,thriller film,2010
http://www.wikidata.org/entity/Q403902,Aidan Quinn,male,http://www.wikidata.org/entity/Q10854398,The 5th Quarter,http://www.wikidata.org/entity/Q130232,drama film,2010
http://www.wikidata.org/entity/Q403902,Aidan Quinn,male,http://www.wikidata.org/entity/Q10854398,The 5th Quarter,http://www.wikidata.org/entity/Q645928,biographical film,2010
http://www.wikidata.org/entity/Q207969,Eric Roberts,male,http://www.wikidata.org/entity/Q11296345,Westbrick Murders,http://www.wikidata.org/entity/Q130232,drama film,2010
http://www.wikidata.org/entity/Q207969,Eric Roberts,male,http://www.wikidata.org/entity/Q11296345,Westbrick Murders,http://www.wikidata.org/entity/Q188473,action film,2010
http://www.wikidata.org/entity/Q207969,Eric Roberts,male,http://www.wikidata.org/entity/Q11296345,Westbrick Murders,http://www.wikidata.org/entity/Q959790,crime film,2010
http://www.wikidata.org/entity/Q207969,Eric Roberts,male,http://www.wikidata.org/entity/Q11296345,Westbrick Murders,http://www.wikidata.org/entity/Q2484376,thriller film,2010
http://www.wikidata.org/entity/Q296883,Joe Pantoliano,male,http://www.wikidata.org/entity/Q12126523,New York Street Games,http://www.wikidata.org/entity/Q93204,documentary film,2010
http://www.wikidata.org/entity/Q207969,Eric Roberts,male,http://www.wikidata.org/entity/Q16681721,First Dog,http://www.wikidata.org/entity/Q1361932,family film,2010
http://www.wikidata.org/entity/Q449822,Lin Shaye,female,http://www.wikidata.org/entity/Q16997013,Insidious,http://www.wikidata.org/entity/Q200092,horror film,2010
http://www.wikidata.org/entity/Q306403,James Franco,male,http://www.wikidata.org/entity/Q18170385,Saturday Night,http://www.wikidata.org/entity/Q93204,documentary film,2010
http://www.wikidata.org/entity/Q14535,Fred Armisen,male,http://www.wikidata.org/entity/Q18170385,Saturday Night,http://www.wikidata.org/entity/Q93204,documentary film,2010
http://www.wikidata.org/entity/Q313788,Dean Cain,male,http://www.wikidata.org/entity/Q20814896,The Way Home,http://www.wikidata.org/entity/Q130232,drama film,2010
http://www.wikidata.org/entity/Q2852941,Anthony Rosano,male,http://www.wikidata.org/entity/Q137850075,Q137850075,http://www.wikidata.org/entity/Q188473,action film,2010
http://www.wikidata.org/entity/Q2852941,Anthony Rosano,male,http://www.wikidata.org/entity/Q137850075,Q137850075,http://www.wikidata.org/entity/Q369747,war film,2010
